INFO 2025-03-08 01:57:33,084 autoreload Watching for file changes with StatReloader
DEBUG 2025-03-08 01:57:33,086 autoreload Waiting for apps ready_event.
DEBUG 2025-03-08 01:57:33,100 autoreload Apps ready_event triggered. Sending autoreload_started signal.
DEBUG 2025-03-08 01:57:33,126 autoreload Watching dir C:\Users\lisai\AppData\Local\Programs\Python\Python312\Lib\site-packages\admin_interface\templates with glob **/*.
DEBUG 2025-03-08 01:57:33,126 autoreload Watching dir C:\Users\lisai\AppData\Local\Programs\Python\Python312\Lib\site-packages\colorfield\templates with glob **/*.
DEBUG 2025-03-08 01:57:33,126 autoreload Watching dir C:\Users\lisai\OneDrive\Escritorio\Dev\Medidor Inteligente\medidor\app\templates with glob **/*.
DEBUG 2025-03-08 01:57:33,127 autoreload Watching dir C:\Users\lisai\OneDrive\Escritorio\Dev\Medidor Inteligente\medidor\locale with glob **/*.mo.
DEBUG 2025-03-08 01:57:33,127 autoreload Watching dir C:\Users\lisai\AppData\Local\Programs\Python\Python312\Lib\site-packages\admin_interface\locale with glob **/*.mo.
DEBUG 2025-03-08 01:57:33,127 autoreload Watching dir C:\Users\lisai\AppData\Local\Programs\Python\Python312\Lib\site-packages\colorfield\locale with glob **/*.mo.
DEBUG 2025-03-08 01:57:33,127 autoreload Watching dir C:\Users\lisai\OneDrive\Escritorio\Dev\Medidor Inteligente\medidor\app\locale with glob **/*.mo.
DEBUG 2025-03-08 01:57:33,309 autoreload File C:\Users\lisai\AppData\Local\Programs\Python\Python312\Lib\site-packages\django\core\checks\compatibility\django_4_0.py first seen with mtime 1738459698.9129975
DEBUG 2025-03-08 01:57:33,310 autoreload File C:\Users\lisai\AppData\Local\Programs\Python\Python312\Lib\token.py first seen with mtime 1717718052.0
DEBUG 2025-03-08 01:57:33,311 autoreload File C:\Users\lisai\AppData\Local\Programs\Python\Python312\Lib\site-packages\PIL\__init__.py first seen with mtime 1719199152.2730572
DEBUG 2025-03-08 01:57:33,311 autoreload File C:\Users\lisai\AppData\Local\Programs\Python\Python312\Lib\site-packages\jinja2\bccache.py first seen with mtime 1719199159.9742365
DEBUG 2025-03-08 01:57:33,311 autoreload File C:\Users\lisai\AppData\Local\Programs\Python\Python312\Lib\site-packages\django\db\backends\sqlite3\schema.py first seen with mtime 1738459698.9808884
DEBUG 2025-03-08 01:57:33,311 autoreload File C:\Users\lisai\AppData\Local\Programs\Python\Python312\Lib\asyncio\protocols.py first seen with mtime 1717718052.0
DEBUG 2025-03-08 01:57:33,312 autoreload File C:\Users\lisai\AppData\Local\Programs\Python\Python312\Lib\site-packages\django\conf\urls\__init__.py first seen with mtime 1738459696.6494215
DEBUG 2025-03-08 01:57:33,312 autoreload File C:\Users\lisai\AppData\Local\Programs\Python\Python312\Lib\site-packages\django\db\migrations\state.py first seen with mtime 1738459698.986482
DEBUG 2025-03-08 01:57:33,312 autoreload File C:\Users\lisai\AppData\Local\Programs\Python\Python312\Lib\site-packages\django\contrib\messages\utils.py first seen with mtime 1738459698.2564824
DEBUG 2025-03-08 01:57:33,312 autoreload File C:\Users\lisai\AppData\Local\Programs\Python\Python312\Lib\site-packages\django\db\backends\base\introspection.py first seen with mtime 1738459698.9573555
DEBUG 2025-03-08 01:57:33,312 autoreload File C:\Users\lisai\AppData\Local\Programs\Python\Python312\Lib\site-packages\django\core\servers\__init__.py first seen with mtime 1738459698.949869
DEBUG 2025-03-08 01:57:33,313 autoreload File C:\Users\lisai\AppData\Local\Programs\Python\Python312\Lib\importlib\resources\_common.py first seen with mtime 1717718052.0
DEBUG 2025-03-08 01:57:33,313 autoreload File C:\Users\lisai\AppData\Local\Programs\Python\Python312\Lib\site-packages\django\views\decorators\cache.py first seen with mtime 1738459699.121234
DEBUG 2025-03-08 01:57:33,313 autoreload File C:\Users\lisai\AppData\Local\Programs\Python\Python312\Lib\html\parser.py first seen with mtime 1717718052.0
DEBUG 2025-03-08 01:57:33,314 autoreload File C:\Users\lisai\AppData\Local\Programs\Python\Python312\Lib\site-packages\django\core\checks\caches.py first seen with mtime 1738459698.907864
DEBUG 2025-03-08 01:57:33,314 autoreload File C:\Users\lisai\AppData\Local\Programs\Python\Python312\Lib\site-packages\django\middleware\__init__.py first seen with mtime 1738459699.0663497
DEBUG 2025-03-08 01:57:33,314 autoreload File C:\Users\lisai\AppData\Local\Programs\Python\Python312\Lib\_markupbase.py first seen with mtime 1717718052.0
DEBUG 2025-03-08 01:57:33,314 autoreload File C:\Users\lisai\AppData\Local\Programs\Python\Python312\Lib\site-packages\werkzeug\test.py first seen with mtime 1739926556.6850355
DEBUG 2025-03-08 01:57:33,314 autoreload File C:\Users\lisai\AppData\Local\Programs\Python\Python312\Lib\encodings\cp1252.py first seen with mtime 1717718052.0
DEBUG 2025-03-08 01:57:33,315 autoreload File C:\Users\lisai\AppData\Local\Programs\Python\Python312\Lib\site-packages\text_unidecode\__init__.py first seen with mtime 1719196313.0497
DEBUG 2025-03-08 01:57:33,315 autoreload File C:\Users\lisai\AppData\Local\Programs\Python\Python312\Lib\random.py first seen with mtime 1717718052.0
DEBUG 2025-03-08 01:57:33,315 autoreload File C:\Users\lisai\AppData\Local\Programs\Python\Python312\Lib\email\mime\base.py first seen with mtime 1717718052.0
DEBUG 2025-03-08 01:57:33,315 autoreload File C:\Users\lisai\AppData\Local\Programs\Python\Python312\Lib\site-packages\django\contrib\sites\requests.py first seen with mtime 1738459698.7408175
DEBUG 2025-03-08 01:57:33,316 autoreload File C:\Users\lisai\AppData\Local\Programs\Python\Python312\Lib\site-packages\django\contrib\sessions\apps.py first seen with mtime 1738459698.574023
DEBUG 2025-03-08 01:57:33,316 autoreload File C:\Users\lisai\AppData\Local\Programs\Python\Python312\Lib\html\__init__.py first seen with mtime 1717718052.0
DEBUG 2025-03-08 01:57:33,316 autoreload File C:\Users\lisai\OneDrive\Escritorio\Dev\Medidor Inteligente\medidor\manage.py first seen with mtime 1737984912.650059
DEBUG 2025-03-08 01:57:33,316 autoreload File C:\Users\lisai\AppData\Local\Programs\Python\Python312\Lib\asyncio\base_subprocess.py first seen with mtime 1717718052.0
DEBUG 2025-03-08 01:57:33,316 autoreload File C:\Users\lisai\AppData\Local\Programs\Python\Python312\Lib\site-packages\django\contrib\admin\templatetags\admin_urls.py first seen with mtime 1738459697.0092468
DEBUG 2025-03-08 01:57:33,317 autoreload File C:\Users\lisai\AppData\Local\Programs\Python\Python312\Lib\wsgiref\__init__.py first seen with mtime 1717718052.0
DEBUG 2025-03-08 01:57:33,317 autoreload File C:\Users\lisai\AppData\Local\Programs\Python\Python312\Lib\site-packages\django\contrib\admin\helpers.py first seen with mtime 1738459696.6555355
DEBUG 2025-03-08 01:57:33,317 autoreload File C:\Users\lisai\AppData\Local\Programs\Python\Python312\Lib\site-packages\django\db\models\constraints.py first seen with mtime 1738459698.9930458
DEBUG 2025-03-08 01:57:33,317 autoreload File C:\Users\lisai\AppData\Local\Programs\Python\Python312\Lib\site-packages\admin_interface\templatetags\__init__.py first seen with mtime 1732853016.390591
DEBUG 2025-03-08 01:57:33,318 autoreload File C:\Users\lisai\AppData\Local\Programs\Python\Python312\Lib\site-packages\django\contrib\auth\hashers.py first seen with mtime 1738459697.3027036
DEBUG 2025-03-08 01:57:33,318 autoreload File C:\Users\lisai\AppData\Local\Programs\Python\Python312\Lib\site-packages\click\globals.py first seen with mtime 1719199173.8339624
DEBUG 2025-03-08 01:57:33,318 autoreload File C:\Users\lisai\AppData\Local\Programs\Python\Python312\Lib\site-packages\django\db\models\indexes.py first seen with mtime 1738459698.9955497
DEBUG 2025-03-08 01:57:33,318 autoreload File C:\Users\lisai\AppData\Local\Programs\Python\Python312\Lib\ctypes\__init__.py first seen with mtime 1717718052.0
DEBUG 2025-03-08 01:57:33,318 autoreload File C:\Users\lisai\AppData\Local\Programs\Python\Python312\Lib\site-packages\django\core\checks\async_checks.py first seen with mtime 1738459698.907864
DEBUG 2025-03-08 01:57:33,319 autoreload File C:\Users\lisai\AppData\Local\Programs\Python\Python312\Lib\site-packages\django\forms\utils.py first seen with mtime 1738459699.0195272
DEBUG 2025-03-08 01:57:33,319 autoreload File C:\Users\lisai\AppData\Local\Programs\Python\Python312\Lib\site-packages\django\utils\hashable.py first seen with mtime 1738459699.1058223
DEBUG 2025-03-08 01:57:33,319 autoreload File C:\Users\lisai\AppData\Local\Programs\Python\Python312\Lib\site-packages\django\http\__init__.py first seen with mtime 1738459699.064339
DEBUG 2025-03-08 01:57:33,320 autoreload File C:\Users\lisai\AppData\Local\Programs\Python\Python312\Lib\site-packages\django\contrib\__init__.py first seen with mtime 1738459696.6509244
DEBUG 2025-03-08 01:57:33,320 autoreload File C:\Users\lisai\AppData\Local\Programs\Python\Python312\Lib\site-packages\django\views\decorators\csrf.py first seen with mtime 1738459699.122847
DEBUG 2025-03-08 01:57:33,320 autoreload File C:\Users\lisai\AppData\Local\Programs\Python\Python312\Lib\ipaddress.py first seen with mtime 1717718052.0
DEBUG 2025-03-08 01:57:33,320 autoreload File C:\Users\lisai\AppData\Local\Programs\Python\Python312\Lib\re\__init__.py first seen with mtime 1717718052.0
DEBUG 2025-03-08 01:57:33,320 autoreload File C:\Users\lisai\AppData\Local\Programs\Python\Python312\DLLs\_queue.pyd first seen with mtime 1717718102.0
DEBUG 2025-03-08 01:57:33,321 autoreload File C:\Users\lisai\AppData\Local\Programs\Python\Python312\Lib\site-packages\django\template\loader_tags.py first seen with mtime 1738459699.0773335
DEBUG 2025-03-08 01:57:33,321 autoreload File C:\Users\lisai\AppData\Local\Programs\Python\Python312\Lib\site-packages\django\contrib\admin\views\main.py first seen with mtime 1738459697.0123718
DEBUG 2025-03-08 01:57:33,321 autoreload File C:\Users\lisai\AppData\Local\Programs\Python\Python312\Lib\site-packages\itsdangerous\_json.py first seen with mtime 1739926557.4129772
DEBUG 2025-03-08 01:57:33,321 autoreload File C:\Users\lisai\AppData\Local\Programs\Python\Python312\Lib\site-packages\django\contrib\auth\checks.py first seen with mtime 1738459697.3000546
DEBUG 2025-03-08 01:57:33,321 autoreload File C:\Users\lisai\AppData\Local\Programs\Python\Python312\Lib\site-packages\itsdangerous\encoding.py first seen with mtime 1739926557.4135053
DEBUG 2025-03-08 01:57:33,322 autoreload File C:\Users\lisai\AppData\Local\Programs\Python\Python312\Lib\fnmatch.py first seen with mtime 1717718052.0
DEBUG 2025-03-08 01:57:33,322 autoreload File C:\Users\lisai\AppData\Local\Programs\Python\Python312\Lib\nturl2path.py first seen with mtime 1717718052.0
DEBUG 2025-03-08 01:57:33,322 autoreload File C:\Users\lisai\AppData\Local\Programs\Python\Python312\Lib\site-packages\django\conf\urls\static.py first seen with mtime 1738459696.6499252
DEBUG 2025-03-08 01:57:33,322 autoreload File C:\Users\lisai\AppData\Local\Programs\Python\Python312\Lib\site-packages\django\core\files\images.py first seen with mtime 1738459698.91604
DEBUG 2025-03-08 01:57:33,322 autoreload File C:\Users\lisai\AppData\Local\Programs\Python\Python312\Lib\site-packages\jinja2\async_utils.py first seen with mtime 1719199159.9732263
DEBUG 2025-03-08 01:57:33,323 autoreload File C:\Users\lisai\AppData\Local\Programs\Python\Python312\Lib\site-packages\jinja2\optimizer.py first seen with mtime 1719199159.984859
DEBUG 2025-03-08 01:57:33,323 autoreload File C:\Users\lisai\AppData\Local\Programs\Python\Python312\Lib\email\base64mime.py first seen with mtime 1717718052.0
DEBUG 2025-03-08 01:57:33,323 autoreload File C:\Users\lisai\AppData\Local\Programs\Python\Python312\Lib\importlib\metadata\_text.py first seen with mtime 1717718052.0
DEBUG 2025-03-08 01:57:33,323 autoreload File C:\Users\lisai\AppData\Local\Programs\Python\Python312\Lib\logging\config.py first seen with mtime 1717718052.0
DEBUG 2025-03-08 01:57:33,323 autoreload File C:\Users\lisai\AppData\Local\Programs\Python\Python312\Lib\http\client.py first seen with mtime 1717718052.0
DEBUG 2025-03-08 01:57:33,324 autoreload File C:\Users\lisai\AppData\Local\Programs\Python\Python312\Lib\struct.py first seen with mtime 1717718052.0
DEBUG 2025-03-08 01:57:33,324 autoreload File C:\Users\lisai\AppData\Local\Programs\Python\Python312\Lib\site-packages\django\db\backends\base\creation.py first seen with mtime 1738459698.955853
DEBUG 2025-03-08 01:57:33,324 autoreload File C:\Users\lisai\AppData\Local\Programs\Python\Python312\Lib\site-packages\django\utils\inspect.py first seen with mtime 1738459699.1068356
DEBUG 2025-03-08 01:57:33,324 autoreload File C:\Users\lisai\AppData\Local\Programs\Python\Python312\Lib\http\cookies.py first seen with mtime 1717718052.0
DEBUG 2025-03-08 01:57:33,325 autoreload File C:\Users\lisai\AppData\Local\Programs\Python\Python312\Lib\sqlite3\__init__.py first seen with mtime 1717718052.0
DEBUG 2025-03-08 01:57:33,325 autoreload File C:\Users\lisai\AppData\Local\Programs\Python\Python312\Lib\site-packages\django\contrib\auth\password_validation.py first seen with mtime 1738459697.304917
DEBUG 2025-03-08 01:57:33,325 autoreload File C:\Users\lisai\AppData\Local\Programs\Python\Python312\Lib\site-packages\django\db\models\query.py first seen with mtime 1738459698.997555
DEBUG 2025-03-08 01:57:33,325 autoreload File C:\Users\lisai\AppData\Local\Programs\Python\Python312\Lib\site-packages\werkzeug\routing\matcher.py first seen with mtime 1739926556.706982
DEBUG 2025-03-08 01:57:33,326 autoreload File C:\Users\lisai\AppData\Local\Programs\Python\Python312\Lib\locale.py first seen with mtime 1717718052.0
DEBUG 2025-03-08 01:57:33,326 autoreload File C:\Users\lisai\AppData\Local\Programs\Python\Python312\Lib\site-packages\django\template\defaultfilters.py first seen with mtime 1738459699.0742958
DEBUG 2025-03-08 01:57:33,326 autoreload File C:\Users\lisai\AppData\Local\Programs\Python\Python312\Lib\site-packages\django\db\models\utils.py first seen with mtime 1738459698.999057
DEBUG 2025-03-08 01:57:33,326 autoreload File C:\Users\lisai\AppData\Local\Programs\Python\Python312\Lib\re\_parser.py first seen with mtime 1717718052.0
DEBUG 2025-03-08 01:57:33,326 autoreload File C:\Users\lisai\AppData\Local\Programs\Python\Python312\Lib\site-packages\django\contrib\auth\apps.py first seen with mtime 1738459697.2985518
DEBUG 2025-03-08 01:57:33,327 autoreload File C:\Users\lisai\AppData\Local\Programs\Python\Python312\Lib\importlib\resources\__init__.py first seen with mtime 1717718052.0
DEBUG 2025-03-08 01:57:33,327 autoreload File C:\Users\lisai\AppData\Local\Programs\Python\Python312\Lib\site-packages\django\core\management\commands\__init__.py first seen with mtime 1738459698.9335692
DEBUG 2025-03-08 01:57:33,327 autoreload File C:\Users\lisai\AppData\Local\Programs\Python\Python312\Lib\site-packages\django\db\backends\signals.py first seen with mtime 1738459698.953804
DEBUG 2025-03-08 01:57:33,327 autoreload File C:\Users\lisai\AppData\Local\Programs\Python\Python312\Lib\subprocess.py first seen with mtime 1717718052.0
DEBUG 2025-03-08 01:57:33,327 autoreload File C:\Users\lisai\AppData\Local\Programs\Python\Python312\Lib\site-packages\django\core\handlers\__init__.py first seen with mtime 1738459698.922233
DEBUG 2025-03-08 01:57:33,328 autoreload File C:\Users\lisai\AppData\Local\Programs\Python\Python312\Lib\site-packages\django\utils\deconstruct.py first seen with mtime 1738459699.1022737
DEBUG 2025-03-08 01:57:33,328 autoreload File C:\Users\lisai\AppData\Local\Programs\Python\Python312\Lib\site-packages\django\db\backends\sqlite3\operations.py first seen with mtime 1738459698.9803803
DEBUG 2025-03-08 01:57:33,328 autoreload File C:\Users\lisai\AppData\Local\Programs\Python\Python312\Lib\asyncio\windows_events.py first seen with mtime 1717718052.0
DEBUG 2025-03-08 01:57:33,328 autoreload File C:\Users\lisai\AppData\Local\Programs\Python\Python312\Lib\collections\__init__.py first seen with mtime 1717718052.0
DEBUG 2025-03-08 01:57:33,328 autoreload File C:\Users\lisai\AppData\Local\Programs\Python\Python312\Lib\email\__init__.py first seen with mtime 1717718052.0
DEBUG 2025-03-08 01:57:33,329 autoreload File C:\Users\lisai\AppData\Local\Programs\Python\Python312\Lib\asyncio\mixins.py first seen with mtime 1717718052.0
DEBUG 2025-03-08 01:57:33,329 autoreload File C:\Users\lisai\AppData\Local\Programs\Python\Python312\Lib\site-packages\django\core\serializers\python.py first seen with mtime 1738459698.948344
DEBUG 2025-03-08 01:57:33,329 autoreload File C:\Users\lisai\AppData\Local\Programs\Python\Python312\Lib\site-packages\django\contrib\admin\apps.py first seen with mtime 1738459696.65253
DEBUG 2025-03-08 01:57:33,330 autoreload File C:\Users\lisai\AppData\Local\Programs\Python\Python312\Lib\site-packages\django\templatetags\__init__.py first seen with mtime 1738459699.0837655
DEBUG 2025-03-08 01:57:33,330 autoreload File C:\Users\lisai\AppData\Local\Programs\Python\Python312\Lib\dis.py first seen with mtime 1717718052.0
DEBUG 2025-03-08 01:57:33,330 autoreload File C:\Users\lisai\AppData\Local\Programs\Python\Python312\Lib\site-packages\django\utils\lorem_ipsum.py first seen with mtime 1738459699.1093414
DEBUG 2025-03-08 01:57:33,330 autoreload File C:\Users\lisai\AppData\Local\Programs\Python\Python312\Lib\site-packages\flask\json\provider.py first seen with mtime 1739926557.5963662
DEBUG 2025-03-08 01:57:33,330 autoreload File C:\Users\lisai\AppData\Local\Programs\Python\Python312\DLLs\_elementtree.pyd first seen with mtime 1717718102.0
DEBUG 2025-03-08 01:57:33,331 autoreload File C:\Users\lisai\OneDrive\Escritorio\Dev\Medidor Inteligente\medidor\app\views.py first seen with mtime 1741409100.356273
DEBUG 2025-03-08 01:57:33,331 autoreload File C:\Users\lisai\AppData\Local\Programs\Python\Python312\Lib\site-packages\django\db\models\fields\generated.py first seen with mtime 1738459699.0016432
DEBUG 2025-03-08 01:57:33,331 autoreload File C:\Users\lisai\AppData\Local\Programs\Python\Python312\Lib\site-packages\django\core\files\temp.py first seen with mtime 1738459698.9175801
DEBUG 2025-03-08 01:57:33,331 autoreload File C:\Users\lisai\AppData\Local\Programs\Python\Python312\Lib\site-packages\markupsafe\__init__.py first seen with mtime 1719199154.3309357
DEBUG 2025-03-08 01:57:33,332 autoreload File C:\Users\lisai\AppData\Local\Programs\Python\Python312\Lib\site-packages\click\exceptions.py first seen with mtime 1719199173.8329637
DEBUG 2025-03-08 01:57:33,332 autoreload File C:\Users\lisai\AppData\Local\Programs\Python\Python312\Lib\statistics.py first seen with mtime 1717718052.0
DEBUG 2025-03-08 01:57:33,332 autoreload File C:\Users\lisai\AppData\Local\Programs\Python\Python312\Lib\zipfile\_path\glob.py first seen with mtime 1717718052.0
DEBUG 2025-03-08 01:57:33,332 autoreload File C:\Users\lisai\AppData\Local\Programs\Python\Python312\Lib\site-packages\markupsafe\_speedups.cp312-win_amd64.pyd first seen with mtime 1719199154.332963
DEBUG 2025-03-08 01:57:33,332 autoreload File C:\Users\lisai\AppData\Local\Programs\Python\Python312\Lib\site-packages\django\templatetags\l10n.py first seen with mtime 1738459699.085356
DEBUG 2025-03-08 01:57:33,332 autoreload File C:\Users\lisai\AppData\Local\Programs\Python\Python312\Lib\hashlib.py first seen with mtime 1717718052.0
DEBUG 2025-03-08 01:57:33,333 autoreload File C:\Users\lisai\AppData\Local\Programs\Python\Python312\Lib\site-packages\django\utils\translation\trans_real.py first seen with mtime 1738459699.1172068
DEBUG 2025-03-08 01:57:33,333 autoreload File C:\Users\lisai\AppData\Local\Programs\Python\Python312\Lib\site-packages\django\conf\__init__.py first seen with mtime 1738459696.4025912
DEBUG 2025-03-08 01:57:33,333 autoreload File C:\Users\lisai\AppData\Local\Programs\Python\Python312\Lib\site-packages\django\contrib\messages\__init__.py first seen with mtime 1738459698.2529392
DEBUG 2025-03-08 01:57:33,333 autoreload File C:\Users\lisai\AppData\Local\Programs\Python\Python312\Lib\site-packages\django\db\models\fields\related_lookups.py first seen with mtime 1738459699.0047047
DEBUG 2025-03-08 01:57:33,334 autoreload File C:\Users\lisai\AppData\Local\Programs\Python\Python312\Lib\site-packages\django\contrib\contenttypes\admin.py first seen with mtime 1738459697.4779005
DEBUG 2025-03-08 01:57:33,334 autoreload File C:\Users\lisai\AppData\Local\Programs\Python\Python312\Lib\site-packages\django\core\cache\__init__.py first seen with mtime 1738459698.9006462
DEBUG 2025-03-08 01:57:33,334 autoreload File C:\Users\lisai\AppData\Local\Programs\Python\Python312\Lib\importlib\metadata\_collections.py first seen with mtime 1717718052.0
DEBUG 2025-03-08 01:57:33,334 autoreload File C:\Users\lisai\AppData\Local\Programs\Python\Python312\Lib\site-packages\django\__init__.py first seen with mtime 1738459696.3984106
DEBUG 2025-03-08 01:57:33,334 autoreload File C:\Users\lisai\AppData\Local\Programs\Python\Python312\Lib\site-packages\django\utils\dates.py first seen with mtime 1738459699.1017654
DEBUG 2025-03-08 01:57:33,335 autoreload File C:\Users\lisai\AppData\Local\Programs\Python\Python312\Lib\asyncio\coroutines.py first seen with mtime 1717718052.0
DEBUG 2025-03-08 01:57:33,335 autoreload File C:\Users\lisai\AppData\Local\Programs\Python\Python312\Lib\site-packages\click\decorators.py first seen with mtime 1719199173.8319535
DEBUG 2025-03-08 01:57:33,335 autoreload File C:\Users\lisai\AppData\Local\Programs\Python\Python312\Lib\_compat_pickle.py first seen with mtime 1717718052.0
DEBUG 2025-03-08 01:57:33,335 autoreload File C:\Users\lisai\AppData\Local\Programs\Python\Python312\Lib\site-packages\django\apps\config.py first seen with mtime 1738459696.4009142
DEBUG 2025-03-08 01:57:33,335 autoreload File C:\Users\lisai\AppData\Local\Programs\Python\Python312\Lib\site-packages\werkzeug\datastructures\headers.py first seen with mtime 1739926556.6916838
DEBUG 2025-03-08 01:57:33,336 autoreload File C:\Users\lisai\AppData\Local\Programs\Python\Python312\Lib\site-packages\django\views\decorators\__init__.py first seen with mtime 1738459699.1202295
DEBUG 2025-03-08 01:57:33,336 autoreload File C:\Users\lisai\AppData\Local\Programs\Python\Python312\Lib\site-packages\django\db\backends\ddl_references.py first seen with mtime 1738459698.9532962
DEBUG 2025-03-08 01:57:33,336 autoreload File C:\Users\lisai\AppData\Local\Programs\Python\Python312\Lib\site-packages\django\db\transaction.py first seen with mtime 1738459698.9511595
DEBUG 2025-03-08 01:57:33,336 autoreload File C:\Users\lisai\AppData\Local\Programs\Python\Python312\Lib\site-packages\werkzeug\__init__.py first seen with mtime 1739926556.6784122
DEBUG 2025-03-08 01:57:33,336 autoreload File C:\Users\lisai\AppData\Local\Programs\Python\Python312\Lib\importlib\resources\abc.py first seen with mtime 1717718052.0
DEBUG 2025-03-08 01:57:33,337 autoreload File C:\Users\lisai\AppData\Local\Programs\Python\Python312\Lib\site-packages\django\core\validators.py first seen with mtime 1738459698.8991325
DEBUG 2025-03-08 01:57:33,337 autoreload File C:\Users\lisai\AppData\Local\Programs\Python\Python312\Lib\site-packages\flask\sansio\app.py first seen with mtime 1739926557.597893
DEBUG 2025-03-08 01:57:33,337 autoreload File C:\Users\lisai\AppData\Local\Programs\Python\Python312\Lib\email\iterators.py first seen with mtime 1717718052.0
DEBUG 2025-03-08 01:57:33,337 autoreload File C:\Users\lisai\AppData\Local\Programs\Python\Python312\Lib\site-packages\django\core\checks\compatibility\__init__.py first seen with mtime 1738459698.9118173
DEBUG 2025-03-08 01:57:33,337 autoreload File C:\Users\lisai\AppData\Local\Programs\Python\Python312\Lib\site-packages\flask\signals.py first seen with mtime 1739926557.5928059
DEBUG 2025-03-08 01:57:33,338 autoreload File C:\Users\lisai\AppData\Local\Programs\Python\Python312\Lib\site-packages\itsdangerous\timed.py first seen with mtime 1739926557.417096
DEBUG 2025-03-08 01:57:33,338 autoreload File C:\Users\lisai\AppData\Local\Programs\Python\Python312\Lib\site-packages\colorama\ansitowin32.py first seen with mtime 1719199155.0797777
DEBUG 2025-03-08 01:57:33,338 autoreload File C:\Users\lisai\AppData\Local\Programs\Python\Python312\Lib\site-packages\cffi\__init__.py first seen with mtime 1719199174.1057453
DEBUG 2025-03-08 01:57:33,338 autoreload File C:\Users\lisai\AppData\Local\Programs\Python\Python312\Lib\asyncio\base_tasks.py first seen with mtime 1717718052.0
DEBUG 2025-03-08 01:57:33,338 autoreload File C:\Users\lisai\AppData\Local\Programs\Python\Python312\Lib\copy.py first seen with mtime 1717718052.0
DEBUG 2025-03-08 01:57:33,338 autoreload File C:\Users\lisai\AppData\Local\Programs\Python\Python312\Lib\site-packages\django\db\models\enums.py first seen with mtime 1738459698.9945493
DEBUG 2025-03-08 01:57:33,339 autoreload File C:\Users\lisai\AppData\Local\Programs\Python\Python312\Lib\asyncio\runners.py first seen with mtime 1717718052.0
DEBUG 2025-03-08 01:57:33,339 autoreload File C:\Users\lisai\AppData\Local\Programs\Python\Python312\Lib\site-packages\flask\wrappers.py first seen with mtime 1739926557.5948415
DEBUG 2025-03-08 01:57:33,339 autoreload File C:\Users\lisai\AppData\Local\Programs\Python\Python312\Lib\importlib\metadata\_itertools.py first seen with mtime 1717718052.0
DEBUG 2025-03-08 01:57:33,339 autoreload File C:\Users\lisai\AppData\Local\Programs\Python\Python312\Lib\site-packages\cffi\lock.py first seen with mtime 1719199174.1134453
DEBUG 2025-03-08 01:57:33,339 autoreload File C:\Users\lisai\AppData\Local\Programs\Python\Python312\Lib\site-packages\django\http\request.py first seen with mtime 1738459699.065844
DEBUG 2025-03-08 01:57:33,340 autoreload File C:\Users\lisai\AppData\Local\Programs\Python\Python312\Lib\site-packages\django\template\loaders\__init__.py first seen with mtime 1738459699.0817378
DEBUG 2025-03-08 01:57:33,340 autoreload File C:\Users\lisai\AppData\Local\Programs\Python\Python312\Lib\wsgiref\util.py first seen with mtime 1717718052.0
DEBUG 2025-03-08 01:57:33,340 autoreload File C:\Users\lisai\AppData\Local\Programs\Python\Python312\Lib\site-packages\django\utils\deprecation.py first seen with mtime 1738459699.103289
DEBUG 2025-03-08 01:57:33,340 autoreload File C:\Users\lisai\AppData\Local\Programs\Python\Python312\Lib\site-packages\django\urls\resolvers.py first seen with mtime 1738459699.0945506
DEBUG 2025-03-08 01:57:33,340 autoreload File C:\Users\lisai\AppData\Local\Programs\Python\Python312\Lib\site-packages\jinja2\defaults.py first seen with mtime 1719199159.9772816
DEBUG 2025-03-08 01:57:33,341 autoreload File C:\Users\lisai\AppData\Local\Programs\Python\Python312\Lib\site-packages\werkzeug\datastructures\auth.py first seen with mtime 1739926556.6896508
DEBUG 2025-03-08 01:57:33,341 autoreload File C:\Users\lisai\AppData\Local\Programs\Python\Python312\Lib\site-packages\django\db\migrations\utils.py first seen with mtime 1738459698.9874938
DEBUG 2025-03-08 01:57:33,341 autoreload File C:\Users\lisai\AppData\Local\Programs\Python\Python312\Lib\site-packages\jinja2\runtime.py first seen with mtime 1719199159.9863641
DEBUG 2025-03-08 01:57:33,341 autoreload File C:\Users\lisai\AppData\Local\Programs\Python\Python312\Lib\secrets.py first seen with mtime 1717718052.0
DEBUG 2025-03-08 01:57:33,341 autoreload File C:\Users\lisai\AppData\Local\Programs\Python\Python312\Lib\zipfile\_path\__init__.py first seen with mtime 1717718052.0
DEBUG 2025-03-08 01:57:33,341 autoreload File C:\Users\lisai\AppData\Local\Programs\Python\Python312\DLLs\_decimal.pyd first seen with mtime 1717718102.0
DEBUG 2025-03-08 01:57:33,342 autoreload File C:\Users\lisai\AppData\Local\Programs\Python\Python312\Lib\threading.py first seen with mtime 1717718052.0
DEBUG 2025-03-08 01:57:33,342 autoreload File C:\Users\lisai\AppData\Local\Programs\Python\Python312\Lib\asyncio\trsock.py first seen with mtime 1717718052.0
DEBUG 2025-03-08 01:57:33,342 autoreload File C:\Users\lisai\AppData\Local\Programs\Python\Python312\Lib\site-packages\django\db\models\fields\files.py first seen with mtime 1738459699.0005598
DEBUG 2025-03-08 01:57:33,343 autoreload File C:\Users\lisai\AppData\Local\Programs\Python\Python312\Lib\site-packages\colorama\__init__.py first seen with mtime 1719199155.0787673
DEBUG 2025-03-08 01:57:33,343 autoreload File C:\Users\lisai\OneDrive\Escritorio\Dev\Medidor Inteligente\medidor\app\urls.py first seen with mtime 1741407652.3062828
DEBUG 2025-03-08 01:57:33,343 autoreload File C:\Users\lisai\AppData\Local\Programs\Python\Python312\Lib\site-packages\django\contrib\admin\options.py first seen with mtime 1738459696.6565344
DEBUG 2025-03-08 01:57:33,343 autoreload File C:\Users\lisai\AppData\Local\Programs\Python\Python312\Lib\site-packages\jinja2\_identifier.py first seen with mtime 1719199159.972056
DEBUG 2025-03-08 01:57:33,344 autoreload File C:\Users\lisai\AppData\Local\Programs\Python\Python312\Lib\site-packages\django\core\signing.py first seen with mtime 1738459698.8991325
DEBUG 2025-03-08 01:57:33,344 autoreload File C:\Users\lisai\AppData\Local\Programs\Python\Python312\Lib\site-packages\asgiref\sync.py first seen with mtime 1738459694.38827
DEBUG 2025-03-08 01:57:33,344 autoreload File C:\Users\lisai\AppData\Local\Programs\Python\Python312\Lib\site-packages\django\contrib\contenttypes\apps.py first seen with mtime 1738459697.4784043
DEBUG 2025-03-08 01:57:33,344 autoreload File C:\Users\lisai\AppData\Local\Programs\Python\Python312\Lib\site-packages\django\db\backends\base\base.py first seen with mtime 1738459698.955314
DEBUG 2025-03-08 01:57:33,344 autoreload File C:\Users\lisai\AppData\Local\Programs\Python\Python312\Lib\argparse.py first seen with mtime 1717718052.0
DEBUG 2025-03-08 01:57:33,345 autoreload File C:\Users\lisai\AppData\Local\Programs\Python\Python312\Lib\site-packages\django\utils\asyncio.py first seen with mtime 1738459699.0975678
DEBUG 2025-03-08 01:57:33,345 autoreload File C:\Users\lisai\AppData\Local\Programs\Python\Python312\Lib\site-packages\admin_interface\apps.py first seen with mtime 1732853016.3021803
DEBUG 2025-03-08 01:57:33,345 autoreload File C:\Users\lisai\AppData\Local\Programs\Python\Python312\Lib\importlib\metadata\_adapters.py first seen with mtime 1717718052.0
DEBUG 2025-03-08 01:57:33,345 autoreload File C:\Users\lisai\AppData\Local\Programs\Python\Python312\Lib\calendar.py first seen with mtime 1717718052.0
DEBUG 2025-03-08 01:57:33,345 autoreload File C:\Users\lisai\AppData\Local\Programs\Python\Python312\Lib\site-packages\django\template\autoreload.py first seen with mtime 1738459699.07223
DEBUG 2025-03-08 01:57:33,346 autoreload File C:\Users\lisai\AppData\Local\Programs\Python\Python312\Lib\site-packages\django\db\models\options.py first seen with mtime 1738459698.9970522
DEBUG 2025-03-08 01:57:33,346 autoreload File C:\Users\lisai\AppData\Local\Programs\Python\Python312\Lib\gzip.py first seen with mtime 1717718052.0
DEBUG 2025-03-08 01:57:33,346 autoreload File C:\Users\lisai\AppData\Local\Programs\Python\Python312\Lib\site-packages\itsdangerous\__init__.py first seen with mtime 1739926557.4119594
DEBUG 2025-03-08 01:57:33,346 autoreload File C:\Users\lisai\AppData\Local\Programs\Python\Python312\Lib\site-packages\sqlparse\filters\__init__.py first seen with mtime 1719199144.3498025
DEBUG 2025-03-08 01:57:33,346 autoreload File C:\Users\lisai\AppData\Local\Programs\Python\Python312\Lib\site-packages\django\urls\utils.py first seen with mtime 1738459699.0955532
DEBUG 2025-03-08 01:57:33,347 autoreload File C:\Users\lisai\AppData\Local\Programs\Python\Python312\Lib\site-packages\django\templatetags\static.py first seen with mtime 1738459699.0868745
DEBUG 2025-03-08 01:57:33,347 autoreload File C:\Users\lisai\AppData\Local\Programs\Python\Python312\Lib\site-packages\itsdangerous\exc.py first seen with mtime 1739926557.4140284
DEBUG 2025-03-08 01:57:33,348 autoreload File C:\Users\lisai\AppData\Local\Programs\Python\Python312\Lib\site-packages\django\core\handlers\asgi.py first seen with mtime 1738459698.9232366
DEBUG 2025-03-08 01:57:33,348 autoreload File C:\Users\lisai\AppData\Local\Programs\Python\Python312\Lib\email\mime\multipart.py first seen with mtime 1717718052.0
DEBUG 2025-03-08 01:57:33,348 autoreload File C:\Users\lisai\AppData\Local\Programs\Python\Python312\Lib\site-packages\colorfield\__init__.py first seen with mtime 1719196314.13624
DEBUG 2025-03-08 01:57:33,348 autoreload File C:\Users\lisai\AppData\Local\Programs\Python\Python312\Lib\site-packages\django\utils\tree.py first seen with mtime 1738459699.1136692
DEBUG 2025-03-08 01:57:33,348 autoreload File C:\Users\lisai\AppData\Local\Programs\Python\Python312\Lib\email\header.py first seen with mtime 1717718052.0
DEBUG 2025-03-08 01:57:33,349 autoreload File C:\Users\lisai\AppData\Local\Programs\Python\Python312\Lib\site-packages\django\db\models\query_utils.py first seen with mtime 1738459698.9985542
DEBUG 2025-03-08 01:57:33,349 autoreload File C:\Users\lisai\AppData\Local\Programs\Python\Python312\Lib\site-packages\django\contrib\admin\views\__init__.py first seen with mtime 1738459697.0113568
DEBUG 2025-03-08 01:57:33,349 autoreload File C:\Users\lisai\AppData\Local\Programs\Python\Python312\Lib\urllib\response.py first seen with mtime 1717718052.0
DEBUG 2025-03-08 01:57:33,349 autoreload File C:\Users\lisai\AppData\Local\Programs\Python\Python312\Lib\site-packages\sqlparse\filters\aligned_indent.py first seen with mtime 1719199144.3508213
DEBUG 2025-03-08 01:57:33,350 autoreload File C:\Users\lisai\AppData\Local\Programs\Python\Python312\Lib\re\_casefix.py first seen with mtime 1717718052.0
DEBUG 2025-03-08 01:57:33,350 autoreload File C:\Users\lisai\AppData\Local\Programs\Python\Python312\Lib\quopri.py first seen with mtime 1717718052.0
DEBUG 2025-03-08 01:57:33,350 autoreload File C:\Users\lisai\AppData\Local\Programs\Python\Python312\Lib\site-packages\PIL\_version.py first seen with mtime 1719199152.309225
DEBUG 2025-03-08 01:57:33,350 autoreload File C:\Users\lisai\AppData\Local\Programs\Python\Python312\Lib\site-packages\django\utils\ipv6.py first seen with mtime 1738459699.107836
DEBUG 2025-03-08 01:57:33,351 autoreload File C:\Users\lisai\AppData\Local\Programs\Python\Python312\Lib\site-packages\django\db\models\fields\reverse_related.py first seen with mtime 1738459699.0047047
DEBUG 2025-03-08 01:57:33,351 autoreload File C:\Users\lisai\AppData\Local\Programs\Python\Python312\Lib\enum.py first seen with mtime 1717718052.0
DEBUG 2025-03-08 01:57:33,351 autoreload File C:\Users\lisai\AppData\Local\Programs\Python\Python312\Lib\site-packages\django\contrib\auth\forms.py first seen with mtime 1738459697.3027036
DEBUG 2025-03-08 01:57:33,351 autoreload File C:\Users\lisai\AppData\Local\Programs\Python\Python312\Lib\site-packages\django\utils\translation\__init__.py first seen with mtime 1738459699.1156807
DEBUG 2025-03-08 01:57:33,352 autoreload File C:\Users\lisai\AppData\Local\Programs\Python\Python312\Lib\hmac.py first seen with mtime 1717718052.0
DEBUG 2025-03-08 01:57:33,352 autoreload File C:\Users\lisai\AppData\Local\Programs\Python\Python312\Lib\site-packages\django\template\library.py first seen with mtime 1738459699.0758147
DEBUG 2025-03-08 01:57:33,352 autoreload File C:\Users\lisai\AppData\Local\Programs\Python\Python312\Lib\site-packages\django\contrib\sites\__init__.py first seen with mtime 1738459698.737796
DEBUG 2025-03-08 01:57:33,352 autoreload File C:\Users\lisai\AppData\Local\Programs\Python\Python312\Lib\email\utils.py first seen with mtime 1717718052.0
DEBUG 2025-03-08 01:57:33,352 autoreload File C:\Users\lisai\AppData\Local\Programs\Python\Python312\Lib\site-packages\django\core\cache\backends\__init__.py first seen with mtime 1738459698.9022033
DEBUG 2025-03-08 01:57:33,353 autoreload File C:\Users\lisai\AppData\Local\Programs\Python\Python312\Lib\site-packages\django\utils\datastructures.py first seen with mtime 1738459699.1006653
DEBUG 2025-03-08 01:57:33,353 autoreload File C:\Users\lisai\AppData\Local\Programs\Python\Python312\Lib\site-packages\django\core\files\utils.py first seen with mtime 1738459698.9190986
DEBUG 2025-03-08 01:57:33,353 autoreload File C:\Users\lisai\AppData\Local\Programs\Python\Python312\Lib\collections\abc.py first seen with mtime 1717718052.0
DEBUG 2025-03-08 01:57:33,353 autoreload File C:\Users\lisai\AppData\Local\Programs\Python\Python312\Lib\site-packages\flask\blueprints.py first seen with mtime 1739926557.587211
DEBUG 2025-03-08 01:57:33,354 autoreload File C:\Users\lisai\AppData\Local\Programs\Python\Python312\Lib\site-packages\werkzeug\utils.py first seen with mtime 1739926556.6876223
DEBUG 2025-03-08 01:57:33,354 autoreload File C:\Users\lisai\AppData\Local\Programs\Python\Python312\Lib\site-packages\itsdangerous\serializer.py first seen with mtime 1739926557.4155605
DEBUG 2025-03-08 01:57:33,354 autoreload File C:\Users\lisai\AppData\Local\Programs\Python\Python312\Lib\site-packages\django\contrib\contenttypes\fields.py first seen with mtime 1738459697.4794035
DEBUG 2025-03-08 01:57:33,354 autoreload File C:\Users\lisai\AppData\Local\Programs\Python\Python312\Lib\site-packages\django\contrib\auth\tokens.py first seen with mtime 1738459697.3054264
DEBUG 2025-03-08 01:57:33,355 autoreload File C:\Users\lisai\AppData\Local\Programs\Python\Python312\Lib\site-packages\django\contrib\admin\__init__.py first seen with mtime 1738459696.6520228
DEBUG 2025-03-08 01:57:33,355 autoreload File C:\Users\lisai\AppData\Local\Programs\Python\Python312\Lib\site-packages\jinja2\lexer.py first seen with mtime 1719199159.9818156
DEBUG 2025-03-08 01:57:33,355 autoreload File C:\Users\lisai\AppData\Local\Programs\Python\Python312\DLLs\_uuid.pyd first seen with mtime 1717718102.0
DEBUG 2025-03-08 01:57:33,355 autoreload File C:\Users\lisai\AppData\Local\Programs\Python\Python312\Lib\site-packages\django\db\models\lookups.py first seen with mtime 1738459698.9960527
DEBUG 2025-03-08 01:57:33,356 autoreload File C:\Users\lisai\AppData\Local\Programs\Python\Python312\Lib\site-packages\django\contrib\staticfiles\apps.py first seen with mtime 1738459698.8858683
DEBUG 2025-03-08 01:57:33,356 autoreload File C:\Users\lisai\AppData\Local\Programs\Python\Python312\Lib\site-packages\defusedxml\common.py first seen with mtime 1719199154.9709656
DEBUG 2025-03-08 01:57:33,356 autoreload File C:\Users\lisai\AppData\Local\Programs\Python\Python312\Lib\site-packages\flask\templating.py first seen with mtime 1739926557.5928059
DEBUG 2025-03-08 01:57:33,356 autoreload File C:\Users\lisai\AppData\Local\Programs\Python\Python312\Lib\site-packages\django\urls\converters.py first seen with mtime 1738459699.0940428
DEBUG 2025-03-08 01:57:33,356 autoreload File C:\Users\lisai\AppData\Local\Programs\Python\Python312\Lib\site-packages\django\utils\cache.py first seen with mtime 1738459699.098594
DEBUG 2025-03-08 01:57:33,357 autoreload File C:\Users\lisai\AppData\Local\Programs\Python\Python312\Lib\uuid.py first seen with mtime 1717718052.0
DEBUG 2025-03-08 01:57:33,357 autoreload File C:\Users\lisai\AppData\Local\Programs\Python\Python312\Lib\site-packages\django\db\models\manager.py first seen with mtime 1738459698.9960527
DEBUG 2025-03-08 01:57:33,357 autoreload File C:\Users\lisai\AppData\Local\Programs\Python\Python312\Lib\wsgiref\simple_server.py first seen with mtime 1717718052.0
DEBUG 2025-03-08 01:57:33,357 autoreload File C:\Users\lisai\AppData\Local\Programs\Python\Python312\Lib\email\feedparser.py first seen with mtime 1717718052.0
DEBUG 2025-03-08 01:57:33,357 autoreload File C:\Users\lisai\AppData\Local\Programs\Python\Python312\Lib\site-packages\colorfield\validators.py first seen with mtime 1719196314.1398132
DEBUG 2025-03-08 01:57:33,357 autoreload File C:\Users\lisai\AppData\Local\Programs\Python\Python312\Lib\site-packages\django\db\models\constants.py first seen with mtime 1738459698.9930458
DEBUG 2025-03-08 01:57:33,358 autoreload File C:\Users\lisai\AppData\Local\Programs\Python\Python312\Lib\site-packages\django\utils\module_loading.py first seen with mtime 1738459699.1093414
DEBUG 2025-03-08 01:57:33,358 autoreload File C:\Users\lisai\AppData\Local\Programs\Python\Python312\Lib\site-packages\cffi\model.py first seen with mtime 1719199174.114483
DEBUG 2025-03-08 01:57:33,358 autoreload File C:\Users\lisai\AppData\Local\Programs\Python\Python312\Lib\urllib\error.py first seen with mtime 1717718052.0
DEBUG 2025-03-08 01:57:33,358 autoreload File C:\Users\lisai\AppData\Local\Programs\Python\Python312\Lib\site-packages\django\contrib\contenttypes\models.py first seen with mtime 1738459697.4799073
DEBUG 2025-03-08 01:57:33,358 autoreload File C:\Users\lisai\AppData\Local\Programs\Python\Python312\DLLs\_ssl.pyd first seen with mtime 1717718102.0
DEBUG 2025-03-08 01:57:33,359 autoreload File C:\Users\lisai\AppData\Local\Programs\Python\Python312\Lib\site-packages\django\urls\base.py first seen with mtime 1738459699.0930283
DEBUG 2025-03-08 01:57:33,359 autoreload File C:\Users\lisai\AppData\Local\Programs\Python\Python312\Lib\email\contentmanager.py first seen with mtime 1717718052.0
DEBUG 2025-03-08 01:57:33,359 autoreload File C:\Users\lisai\AppData\Local\Programs\Python\Python312\Lib\encodings\__init__.py first seen with mtime 1717718052.0
DEBUG 2025-03-08 01:57:33,359 autoreload File C:\Users\lisai\AppData\Local\Programs\Python\Python312\Lib\asyncio\events.py first seen with mtime 1717718052.0
DEBUG 2025-03-08 01:57:33,359 autoreload File C:\Users\lisai\AppData\Local\Programs\Python\Python312\Lib\site-packages\django\contrib\sessions\__init__.py first seen with mtime 1738459698.574023
DEBUG 2025-03-08 01:57:33,359 autoreload File C:\Users\lisai\AppData\Local\Programs\Python\Python312\Lib\site-packages\django\utils\crypto.py first seen with mtime 1738459699.0996468
DEBUG 2025-03-08 01:57:33,360 autoreload File C:\Users\lisai\AppData\Local\Programs\Python\Python312\Lib\site-packages\django\contrib\staticfiles\management\commands\runserver.py first seen with mtime 1738459698.8950596
DEBUG 2025-03-08 01:57:33,360 autoreload File C:\Users\lisai\AppData\Local\Programs\Python\Python312\Lib\site-packages\django\db\models\deletion.py first seen with mtime 1738459698.994046
DEBUG 2025-03-08 01:57:33,360 autoreload File C:\Users\lisai\AppData\Local\Programs\Python\Python312\Lib\tempfile.py first seen with mtime 1717718052.0
DEBUG 2025-03-08 01:57:33,360 autoreload File C:\Users\lisai\AppData\Local\Programs\Python\Python312\Lib\site-packages\werkzeug\sansio\utils.py first seen with mtime 1739926556.7110505
DEBUG 2025-03-08 01:57:33,361 autoreload File C:\Users\lisai\AppData\Local\Programs\Python\Python312\Lib\site-packages\django\core\checks\messages.py first seen with mtime 1738459698.909392
DEBUG 2025-03-08 01:57:33,361 autoreload File C:\Users\lisai\AppData\Local\Programs\Python\Python312\Lib\site-packages\werkzeug\sansio\multipart.py first seen with mtime 1739926556.7090151
DEBUG 2025-03-08 01:57:33,361 autoreload File C:\Users\lisai\AppData\Local\Programs\Python\Python312\Lib\site-packages\cffi\error.py first seen with mtime 1719199174.112393
DEBUG 2025-03-08 01:57:33,361 autoreload File C:\Users\lisai\AppData\Local\Programs\Python\Python312\Lib\site-packages\django\db\models\sql\constants.py first seen with mtime 1738459699.010716
DEBUG 2025-03-08 01:57:33,361 autoreload File C:\Users\lisai\AppData\Local\Programs\Python\Python312\Lib\site-packages\django\utils\translation\reloader.py first seen with mtime 1738459699.1161878
DEBUG 2025-03-08 01:57:33,362 autoreload File C:\Users\lisai\AppData\Local\Programs\Python\Python312\Lib\site-packages\django\db\models\expressions.py first seen with mtime 1738459698.9945493
DEBUG 2025-03-08 01:57:33,362 autoreload File C:\Users\lisai\AppData\Local\Programs\Python\Python312\Lib\site-packages\itsdangerous\url_safe.py first seen with mtime 1739926557.4176528
DEBUG 2025-03-08 01:57:33,362 autoreload File C:\Users\lisai\AppData\Local\Programs\Python\Python312\Lib\site-packages\sqlparse\filters\reindent.py first seen with mtime 1719199144.352898
DEBUG 2025-03-08 01:57:33,362 autoreload File C:\Users\lisai\AppData\Local\Programs\Python\Python312\Lib\http\server.py first seen with mtime 1717718052.0
DEBUG 2025-03-08 01:57:33,362 autoreload File C:\Users\lisai\AppData\Local\Programs\Python\Python312\Lib\site-packages\django\core\mail\utils.py first seen with mtime 1738459698.9262867
DEBUG 2025-03-08 01:57:33,362 autoreload File C:\Users\lisai\AppData\Local\Programs\Python\Python312\Lib\site-packages\django\contrib\messages\storage\__init__.py first seen with mtime 1738459698.2574868
DEBUG 2025-03-08 01:57:33,363 autoreload File C:\Users\lisai\AppData\Local\Programs\Python\Python312\Lib\site-packages\django\db\models\fields\__init__.py first seen with mtime 1738459699.0005598
DEBUG 2025-03-08 01:57:33,363 autoreload File C:\Users\lisai\AppData\Local\Programs\Python\Python312\Lib\asyncio\tasks.py first seen with mtime 1717718052.0
DEBUG 2025-03-08 01:57:33,363 autoreload File C:\Users\lisai\AppData\Local\Programs\Python\Python312\Lib\site-packages\django\core\files\storage\__init__.py first seen with mtime 1738459698.9196045
DEBUG 2025-03-08 01:57:33,363 autoreload File C:\Users\lisai\AppData\Local\Programs\Python\Python312\Lib\site-packages\PIL\_imaging.cp312-win_amd64.pyd first seen with mtime 1719199152.2886682
DEBUG 2025-03-08 01:57:33,363 autoreload File C:\Users\lisai\AppData\Local\Programs\Python\Python312\Lib\asyncio\log.py first seen with mtime 1717718052.0
DEBUG 2025-03-08 01:57:33,364 autoreload File C:\Users\lisai\AppData\Local\Programs\Python\Python312\Lib\email\generator.py first seen with mtime 1717718052.0
DEBUG 2025-03-08 01:57:33,364 autoreload File C:\Users\lisai\AppData\Local\Programs\Python\Python312\Lib\site-packages\werkzeug\datastructures\cache_control.py first seen with mtime 1739926556.690161
DEBUG 2025-03-08 01:57:33,364 autoreload File C:\Users\lisai\AppData\Local\Programs\Python\Python312\Lib\site-packages\django\core\files\storage\mixins.py first seen with mtime 1738459698.9217255
DEBUG 2025-03-08 01:57:33,364 autoreload File C:\Users\lisai\AppData\Local\Programs\Python\Python312\Lib\site-packages\admin_interface\__init__.py first seen with mtime 1732853016.3016672
DEBUG 2025-03-08 01:57:33,364 autoreload File C:\Users\lisai\AppData\Local\Programs\Python\Python312\Lib\site-packages\django\db\migrations\operations\fields.py first seen with mtime 1738459698.9895258
DEBUG 2025-03-08 01:57:33,364 autoreload File C:\Users\lisai\AppData\Local\Programs\Python\Python312\Lib\site-packages\werkzeug\sansio\request.py first seen with mtime 1739926556.7095253
DEBUG 2025-03-08 01:57:33,365 autoreload File C:\Users\lisai\AppData\Local\Programs\Python\Python312\Lib\site-packages\django\db\models\functions\window.py first seen with mtime 1738459699.0092132
DEBUG 2025-03-08 01:57:33,365 autoreload File C:\Users\lisai\AppData\Local\Programs\Python\Python312\Lib\site-packages\django\core\handlers\base.py first seen with mtime 1738459698.9237404
DEBUG 2025-03-08 01:57:33,365 autoreload File C:\Users\lisai\AppData\Local\Programs\Python\Python312\Lib\site-packages\colorama\ansi.py first seen with mtime 1719199155.0787673
DEBUG 2025-03-08 01:57:33,365 autoreload File C:\Users\lisai\AppData\Local\Programs\Python\Python312\Lib\site-packages\django\core\checks\database.py first seen with mtime 1738459698.907864
DEBUG 2025-03-08 01:57:33,366 autoreload File C:\Users\lisai\AppData\Local\Programs\Python\Python312\Lib\site-packages\django\template\loaders\base.py first seen with mtime 1738459699.0827477
DEBUG 2025-03-08 01:57:33,366 autoreload File C:\Users\lisai\AppData\Local\Programs\Python\Python312\Lib\site-packages\django\utils\http.py first seen with mtime 1738459699.1068356
DEBUG 2025-03-08 01:57:33,366 autoreload File C:\Users\lisai\AppData\Local\Programs\Python\Python312\Lib\asyncio\format_helpers.py first seen with mtime 1717718052.0
DEBUG 2025-03-08 01:57:33,366 autoreload File C:\Users\lisai\AppData\Local\Programs\Python\Python312\DLLs\select.pyd first seen with mtime 1717718102.0
DEBUG 2025-03-08 01:57:33,366 autoreload File C:\Users\lisai\AppData\Local\Programs\Python\Python312\Lib\json\__init__.py first seen with mtime 1717718052.0
DEBUG 2025-03-08 01:57:33,366 autoreload File C:\Users\lisai\AppData\Local\Programs\Python\Python312\Lib\dataclasses.py first seen with mtime 1717718052.0
DEBUG 2025-03-08 01:57:33,367 autoreload File C:\Users\lisai\AppData\Local\Programs\Python\Python312\Lib\site-packages\django\views\generic\edit.py first seen with mtime 1738459699.12841
DEBUG 2025-03-08 01:57:33,367 autoreload File C:\Users\lisai\AppData\Local\Programs\Python\Python312\Lib\__future__.py first seen with mtime 1717718052.0
DEBUG 2025-03-08 01:57:33,368 autoreload File C:\Users\lisai\AppData\Local\Programs\Python\Python312\Lib\site-packages\PIL\ExifTags.py first seen with mtime 1719199152.2188556
DEBUG 2025-03-08 01:57:33,368 autoreload File C:\Users\lisai\AppData\Local\Programs\Python\Python312\Lib\site-packages\django\contrib\contenttypes\__init__.py first seen with mtime 1738459697.4769008
DEBUG 2025-03-08 01:57:33,368 autoreload File C:\Users\lisai\AppData\Local\Programs\Python\Python312\Lib\site-packages\django\core\cache\backends\base.py first seen with mtime 1738459698.9022033
DEBUG 2025-03-08 01:57:33,368 autoreload File C:\Users\lisai\AppData\Local\Programs\Python\Python312\Lib\site-packages\django\core\paginator.py first seen with mtime 1738459698.8976204
DEBUG 2025-03-08 01:57:33,368 autoreload File C:\Users\lisai\AppData\Local\Programs\Python\Python312\Lib\site-packages\django\db\models\functions\comparison.py first seen with mtime 1738459699.006208
DEBUG 2025-03-08 01:57:33,369 autoreload File C:\Users\lisai\AppData\Local\Programs\Python\Python312\Lib\http\__init__.py first seen with mtime 1717718052.0
DEBUG 2025-03-08 01:57:33,369 autoreload File C:\Users\lisai\AppData\Local\Programs\Python\Python312\Lib\multiprocessing\__init__.py first seen with mtime 1717718052.0
DEBUG 2025-03-08 01:57:33,369 autoreload File C:\Users\lisai\AppData\Local\Programs\Python\Python312\Lib\site-packages\werkzeug\routing\__init__.py first seen with mtime 1739926556.7039304
DEBUG 2025-03-08 01:57:33,369 autoreload File C:\Users\lisai\AppData\Local\Programs\Python\Python312\Lib\site-packages\django\db\models\fields\related.py first seen with mtime 1738459699.0036886
DEBUG 2025-03-08 01:57:33,369 autoreload File C:\Users\lisai\AppData\Local\Programs\Python\Python312\Lib\site-packages\flask\cli.py first seen with mtime 1739926557.5882268
DEBUG 2025-03-08 01:57:33,370 autoreload File C:\Users\lisai\AppData\Local\Programs\Python\Python312\Lib\site-packages\django\contrib\staticfiles\finders.py first seen with mtime 1738459698.8873541
DEBUG 2025-03-08 01:57:33,370 autoreload File C:\Users\lisai\AppData\Local\Programs\Python\Python312\Lib\site-packages\flask\helpers.py first seen with mtime 1739926557.5907688
DEBUG 2025-03-08 01:57:33,370 autoreload File C:\Users\lisai\AppData\Local\Programs\Python\Python312\Lib\site-packages\django\urls\exceptions.py first seen with mtime 1738459699.0945506
DEBUG 2025-03-08 01:57:33,370 autoreload File C:\Users\lisai\AppData\Local\Programs\Python\Python312\Lib\site-packages\django\core\signals.py first seen with mtime 1738459698.8991325
DEBUG 2025-03-08 01:57:33,371 autoreload File C:\Users\lisai\AppData\Local\Programs\Python\Python312\Lib\site-packages\sqlparse\filters\output.py first seen with mtime 1719199144.351859
DEBUG 2025-03-08 01:57:33,371 autoreload File C:\Users\lisai\AppData\Local\Programs\Python\Python312\Lib\site-packages\colorama\initialise.py first seen with mtime 1719199155.0802886
DEBUG 2025-03-08 01:57:33,371 autoreload File C:\Users\lisai\AppData\Local\Programs\Python\Python312\Lib\graphlib.py first seen with mtime 1717718052.0
DEBUG 2025-03-08 01:57:33,371 autoreload File C:\Users\lisai\AppData\Local\Programs\Python\Python312\Lib\site-packages\django\core\checks\files.py first seen with mtime 1738459698.907864
DEBUG 2025-03-08 01:57:33,371 autoreload File C:\Users\lisai\AppData\Local\Programs\Python\Python312\Lib\site-packages\django\db\models\fields\json.py first seen with mtime 1738459699.0016432
DEBUG 2025-03-08 01:57:33,372 autoreload File C:\Users\lisai\AppData\Local\Programs\Python\Python312\Lib\site-packages\django\db\backends\utils.py first seen with mtime 1738459698.9543123
DEBUG 2025-03-08 01:57:33,372 autoreload File C:\Users\lisai\AppData\Local\Programs\Python\Python312\Lib\site-packages\django\contrib\staticfiles\handlers.py first seen with mtime 1738459698.888868
DEBUG 2025-03-08 01:57:33,372 autoreload File C:\Users\lisai\AppData\Local\Programs\Python\Python312\Lib\site-packages\click\_winconsole.py first seen with mtime 1719199173.8298972
DEBUG 2025-03-08 01:57:33,372 autoreload File C:\Users\lisai\AppData\Local\Programs\Python\Python312\Lib\site-packages\django\db\backends\base\__init__.py first seen with mtime 1738459698.9543123
DEBUG 2025-03-08 01:57:33,372 autoreload File C:\Users\lisai\AppData\Local\Programs\Python\Python312\Lib\site-packages\click\types.py first seen with mtime 1719199173.8379807
DEBUG 2025-03-08 01:57:33,373 autoreload File C:\Users\lisai\AppData\Local\Programs\Python\Python312\Lib\site-packages\django\views\static.py first seen with mtime 1738459699.1202295
DEBUG 2025-03-08 01:57:33,373 autoreload File C:\Users\lisai\OneDrive\Escritorio\Dev\Medidor Inteligente\medidor\medidor\settings.py first seen with mtime 1741409841.6906042
DEBUG 2025-03-08 01:57:33,373 autoreload File C:\Users\lisai\AppData\Local\Programs\Python\Python312\Lib\site-packages\django\db\backends\sqlite3\creation.py first seen with mtime 1738459698.9783196
DEBUG 2025-03-08 01:57:33,373 autoreload File C:\Users\lisai\AppData\Local\Programs\Python\Python312\Lib\datetime.py first seen with mtime 1717718052.0
DEBUG 2025-03-08 01:57:33,373 autoreload File C:\Users\lisai\AppData\Local\Programs\Python\Python312\Lib\site-packages\django\core\files\uploadedfile.py first seen with mtime 1738459698.9180877
DEBUG 2025-03-08 01:57:33,373 autoreload File C:\Users\lisai\AppData\Local\Programs\Python\Python312\Lib\site-packages\django\utils\decorators.py first seen with mtime 1738459699.102781
DEBUG 2025-03-08 01:57:33,374 autoreload File C:\Users\lisai\AppData\Local\Programs\Python\Python312\Lib\site-packages\django\core\checks\registry.py first seen with mtime 1738459698.9104242
DEBUG 2025-03-08 01:57:33,374 autoreload File C:\Users\lisai\AppData\Local\Programs\Python\Python312\Lib\ctypes\_endian.py first seen with mtime 1717718052.0
DEBUG 2025-03-08 01:57:33,374 autoreload File C:\Users\lisai\AppData\Local\Programs\Python\Python312\Lib\site-packages\django\utils\duration.py first seen with mtime 1738459699.103289
DEBUG 2025-03-08 01:57:33,374 autoreload File C:\Users\lisai\AppData\Local\Programs\Python\Python312\Lib\site-packages\django\views\__init__.py first seen with mtime 1738459699.1182084
DEBUG 2025-03-08 01:57:33,374 autoreload File C:\Users\lisai\AppData\Local\Programs\Python\Python312\Lib\site-packages\werkzeug\wrappers\response.py first seen with mtime 1739926556.7125742
DEBUG 2025-03-08 01:57:33,375 autoreload File C:\Users\lisai\AppData\Local\Programs\Python\Python312\Lib\site-packages\django\shortcuts.py first seen with mtime 1738459696.3999138
DEBUG 2025-03-08 01:57:33,375 autoreload File C:\Users\lisai\AppData\Local\Programs\Python\Python312\Lib\email\policy.py first seen with mtime 1717718052.0
DEBUG 2025-03-08 01:57:33,375 autoreload File C:\Users\lisai\AppData\Local\Programs\Python\Python312\Lib\fractions.py first seen with mtime 1717718052.0
DEBUG 2025-03-08 01:57:33,375 autoreload File C:\Users\lisai\AppData\Local\Programs\Python\Python312\Lib\site-packages\django\contrib\auth\signals.py first seen with mtime 1738459697.3054264
DEBUG 2025-03-08 01:57:33,375 autoreload File C:\Users\lisai\AppData\Local\Programs\Python\Python312\Lib\site-packages\django\contrib\admin\sites.py first seen with mtime 1738459696.6570377
DEBUG 2025-03-08 01:57:33,376 autoreload File C:\Users\lisai\AppData\Local\Programs\Python\Python312\Lib\site-packages\django\core\servers\basehttp.py first seen with mtime 1738459698.949869
DEBUG 2025-03-08 01:57:33,376 autoreload File C:\Users\lisai\AppData\Local\Programs\Python\Python312\Lib\site-packages\django\views\generic\detail.py first seen with mtime 1738459699.1268952
DEBUG 2025-03-08 01:57:33,376 autoreload File C:\Users\lisai\AppData\Local\Programs\Python\Python312\Lib\site-packages\werkzeug\http.py first seen with mtime 1739926556.681462
DEBUG 2025-03-08 01:57:33,376 autoreload File C:\Users\lisai\AppData\Local\Programs\Python\Python312\Lib\site-packages\django\db\models\fields\related_descriptors.py first seen with mtime 1738459699.0041974
DEBUG 2025-03-08 01:57:33,377 autoreload File C:\Users\lisai\AppData\Local\Programs\Python\Python312\Lib\site-packages\django\db\backends\sqlite3\base.py first seen with mtime 1738459698.9773164
DEBUG 2025-03-08 01:57:33,377 autoreload File C:\Users\lisai\AppData\Local\Programs\Python\Python312\Lib\urllib\__init__.py first seen with mtime 1717718052.0
DEBUG 2025-03-08 01:57:33,377 autoreload File C:\Users\lisai\AppData\Local\Programs\Python\Python312\Lib\site-packages\django\utils\numberformat.py first seen with mtime 1738459699.1093414
DEBUG 2025-03-08 01:57:33,377 autoreload File C:\Users\lisai\AppData\Local\Programs\Python\Python312\Lib\site-packages\werkzeug\datastructures\file_storage.py first seen with mtime 1739926556.6911767
DEBUG 2025-03-08 01:57:33,377 autoreload File C:\Users\lisai\AppData\Local\Programs\Python\Python312\Lib\site-packages\django\template\__init__.py first seen with mtime 1738459699.071663
DEBUG 2025-03-08 01:57:33,377 autoreload File C:\Users\lisai\AppData\Local\Programs\Python\Python312\Lib\queue.py first seen with mtime 1717718052.0
DEBUG 2025-03-08 01:57:33,378 autoreload File C:\Users\lisai\AppData\Local\Programs\Python\Python312\Lib\asyncio\selector_events.py first seen with mtime 1717718052.0
DEBUG 2025-03-08 01:57:33,378 autoreload File C:\Users\lisai\AppData\Local\Programs\Python\Python312\Lib\site-packages\click\core.py first seen with mtime 1719199173.8309443
DEBUG 2025-03-08 01:57:33,378 autoreload File C:\Users\lisai\AppData\Local\Programs\Python\Python312\Lib\site-packages\django\contrib\admin\models.py first seen with mtime 1738459696.6555355
DEBUG 2025-03-08 01:57:33,378 autoreload File C:\Users\lisai\AppData\Local\Programs\Python\Python312\Lib\asyncio\subprocess.py first seen with mtime 1717718052.0
DEBUG 2025-03-08 01:57:33,378 autoreload File C:\Users\lisai\AppData\Local\Programs\Python\Python312\Lib\site-packages\django\db\migrations\operations\__init__.py first seen with mtime 1738459698.9885113
DEBUG 2025-03-08 01:57:33,379 autoreload File C:\Users\lisai\AppData\Local\Programs\Python\Python312\Lib\site-packages\django\db\backends\sqlite3\client.py first seen with mtime 1738459698.9773164
DEBUG 2025-03-08 01:57:33,379 autoreload File C:\Users\lisai\AppData\Local\Programs\Python\Python312\Lib\site-packages\django\utils\html.py first seen with mtime 1738459699.1063285
DEBUG 2025-03-08 01:57:33,379 autoreload File C:\Users\lisai\AppData\Local\Programs\Python\Python312\Lib\site-packages\werkzeug\datastructures\etag.py first seen with mtime 1739926556.6911767
DEBUG 2025-03-08 01:57:33,379 autoreload File C:\Users\lisai\AppData\Local\Programs\Python\Python312\Lib\site-packages\django\utils\autoreload.py first seen with mtime 1738459699.0975678
DEBUG 2025-03-08 01:57:33,380 autoreload File C:\Users\lisai\OneDrive\Escritorio\Dev\Medidor Inteligente\medidor\medidor\__init__.py first seen with mtime 1737984912.683427
DEBUG 2025-03-08 01:57:33,380 autoreload File C:\Users\lisai\AppData\Local\Programs\Python\Python312\Lib\site-packages\defusedxml\__init__.py first seen with mtime 1719199154.969955
DEBUG 2025-03-08 01:57:33,380 autoreload File C:\Users\lisai\AppData\Local\Programs\Python\Python312\Lib\linecache.py first seen with mtime 1717718052.0
DEBUG 2025-03-08 01:57:33,380 autoreload File C:\Users\lisai\AppData\Local\Programs\Python\Python312\Lib\site-packages\blinker\base.py first seen with mtime 1739926557.5364647
DEBUG 2025-03-08 01:57:33,381 autoreload File C:\Users\lisai\AppData\Local\Programs\Python\Python312\Lib\ssl.py first seen with mtime 1717718052.0
DEBUG 2025-03-08 01:57:33,381 autoreload File C:\Users\lisai\AppData\Local\Programs\Python\Python312\Lib\encodings\utf_8.py first seen with mtime 1717718052.0
DEBUG 2025-03-08 01:57:33,381 autoreload File C:\Users\lisai\AppData\Local\Programs\Python\Python312\Lib\wsgiref\handlers.py first seen with mtime 1717718052.0
DEBUG 2025-03-08 01:57:33,381 autoreload File C:\Users\lisai\AppData\Local\Programs\Python\Python312\DLLs\_asyncio.pyd first seen with mtime 1717718102.0
DEBUG 2025-03-08 01:57:33,381 autoreload File C:\Users\lisai\AppData\Local\Programs\Python\Python312\Lib\site-packages\django\forms\renderers.py first seen with mtime 1738459699.019018
DEBUG 2025-03-08 01:57:33,382 autoreload File C:\Users\lisai\AppData\Local\Programs\Python\Python312\Lib\string.py first seen with mtime 1717718052.0
DEBUG 2025-03-08 01:57:33,382 autoreload File C:\Users\lisai\AppData\Local\Programs\Python\Python312\Lib\asyncio\windows_utils.py first seen with mtime 1717718052.0
DEBUG 2025-03-08 01:57:33,382 autoreload File C:\Users\lisai\AppData\Local\Programs\Python\Python312\Lib\site-packages\django\forms\fields.py first seen with mtime 1738459699.015914
DEBUG 2025-03-08 01:57:33,382 autoreload File C:\Users\lisai\AppData\Local\Programs\Python\Python312\Lib\site-packages\django\db\models\sql\__init__.py first seen with mtime 1738459699.0092132
DEBUG 2025-03-08 01:57:33,383 autoreload File C:\Users\lisai\AppData\Local\Programs\Python\Python312\Lib\asyncio\staggered.py first seen with mtime 1717718052.0
DEBUG 2025-03-08 01:57:33,383 autoreload File C:\Users\lisai\AppData\Local\Programs\Python\Python312\Lib\site-packages\django\template\exceptions.py first seen with mtime 1738459699.0758147
DEBUG 2025-03-08 01:57:33,383 autoreload File C:\Users\lisai\AppData\Local\Programs\Python\Python312\Lib\site-packages\jinja2\compiler.py first seen with mtime 1719199159.9752479
DEBUG 2025-03-08 01:57:33,383 autoreload File C:\Users\lisai\AppData\Local\Programs\Python\Python312\Lib\asyncio\transports.py first seen with mtime 1717718052.0
DEBUG 2025-03-08 01:57:33,384 autoreload File C:\Users\lisai\AppData\Local\Programs\Python\Python312\Lib\site-packages\django\forms\formsets.py first seen with mtime 1738459699.0174236
DEBUG 2025-03-08 01:57:33,384 autoreload File C:\Users\lisai\AppData\Local\Programs\Python\Python312\Lib\functools.py first seen with mtime 1717718052.0
DEBUG 2025-03-08 01:57:33,384 autoreload File C:\Users\lisai\AppData\Local\Programs\Python\Python312\Lib\site-packages\PIL\Image.py first seen with mtime 1719199152.229483
DEBUG 2025-03-08 01:57:33,384 autoreload File C:\Users\lisai\AppData\Local\Programs\Python\Python312\Lib\site-packages\werkzeug\serving.py first seen with mtime 1739926556.684526
DEBUG 2025-03-08 01:57:33,384 autoreload File C:\Users\lisai\AppData\Local\Programs\Python\Python312\Lib\site-packages\django\views\generic\list.py first seen with mtime 1738459699.1289215
DEBUG 2025-03-08 01:57:33,385 autoreload File C:\Users\lisai\AppData\Local\Programs\Python\Python312\Lib\site-packages\jinja2\filters.py first seen with mtime 1719199159.9808056
DEBUG 2025-03-08 01:57:33,385 autoreload File C:\Users\lisai\AppData\Local\Programs\Python\Python312\Lib\site-packages\django\dispatch\dispatcher.py first seen with mtime 1738459699.0149002
DEBUG 2025-03-08 01:57:33,385 autoreload File C:\Users\lisai\AppData\Local\Programs\Python\Python312\Lib\site-packages\django\template\defaulttags.py first seen with mtime 1738459699.0747993
DEBUG 2025-03-08 01:57:33,385 autoreload File C:\Users\lisai\AppData\Local\Programs\Python\Python312\Lib\site-packages\django\views\generic\__init__.py first seen with mtime 1738459699.1253798
DEBUG 2025-03-08 01:57:33,386 autoreload File C:\Users\lisai\AppData\Local\Programs\Python\Python312\Lib\email\_policybase.py first seen with mtime 1717718052.0
DEBUG 2025-03-08 01:57:33,386 autoreload File C:\Users\lisai\AppData\Local\Programs\Python\Python312\DLLs\_socket.pyd first seen with mtime 1717718102.0
DEBUG 2025-03-08 01:57:33,386 autoreload File C:\Users\lisai\AppData\Local\Programs\Python\Python312\Lib\site-packages\django\contrib\staticfiles\management\__init__.py first seen with mtime 1738459698.8920226
DEBUG 2025-03-08 01:57:33,386 autoreload File C:\Users\lisai\AppData\Local\Programs\Python\Python312\Lib\site-packages\sqlparse\filters\right_margin.py first seen with mtime 1719199144.352898
DEBUG 2025-03-08 01:57:33,386 autoreload File C:\Users\lisai\AppData\Local\Programs\Python\Python312\Lib\zoneinfo\_common.py first seen with mtime 1717718052.0
DEBUG 2025-03-08 01:57:33,387 autoreload File C:\Users\lisai\AppData\Local\Programs\Python\Python312\Lib\ctypes\wintypes.py first seen with mtime 1717718052.0
DEBUG 2025-03-08 01:57:33,387 autoreload File C:\Users\lisai\AppData\Local\Programs\Python\Python312\Lib\site-packages\django\contrib\auth\base_user.py first seen with mtime 1738459697.3000546
DEBUG 2025-03-08 01:57:33,388 autoreload File C:\Users\lisai\AppData\Local\Programs\Python\Python312\Lib\email\charset.py first seen with mtime 1717718052.0
DEBUG 2025-03-08 01:57:33,388 autoreload File C:\Users\lisai\AppData\Local\Programs\Python\Python312\Lib\site-packages\django\views\decorators\common.py first seen with mtime 1738459699.121234
DEBUG 2025-03-08 01:57:33,388 autoreload File C:\Users\lisai\OneDrive\Escritorio\Dev\Medidor Inteligente\medidor\app\models.py first seen with mtime 1740264027.8382556
DEBUG 2025-03-08 01:57:33,388 autoreload File C:\Users\lisai\AppData\Local\Programs\Python\Python312\Lib\site-packages\django\core\cache\utils.py first seen with mtime 1738459698.9006462
DEBUG 2025-03-08 01:57:33,388 autoreload File C:\Users\lisai\AppData\Local\Programs\Python\Python312\Lib\site-packages\django\utils\formats.py first seen with mtime 1738459699.1048086
DEBUG 2025-03-08 01:57:33,389 autoreload File C:\Users\lisai\AppData\Local\Programs\Python\Python312\Lib\site-packages\django\views\debug.py first seen with mtime 1738459699.1192148
DEBUG 2025-03-08 01:57:33,389 autoreload File C:\Users\lisai\AppData\Local\Programs\Python\Python312\Lib\re\_compiler.py first seen with mtime 1717718052.0
DEBUG 2025-03-08 01:57:33,389 autoreload File C:\Users\lisai\AppData\Local\Programs\Python\Python312\Lib\asyncio\__init__.py first seen with mtime 1717718052.0
DEBUG 2025-03-08 01:57:33,389 autoreload File C:\Users\lisai\AppData\Local\Programs\Python\Python312\Lib\mimetypes.py first seen with mtime 1717718052.0
DEBUG 2025-03-08 01:57:33,389 autoreload File C:\Users\lisai\AppData\Local\Programs\Python\Python312\Lib\site-packages\sqlparse\filters\tokens.py first seen with mtime 1719199144.3539183
DEBUG 2025-03-08 01:57:33,390 autoreload File C:\Users\lisai\AppData\Local\Programs\Python\Python312\Lib\bisect.py first seen with mtime 1717718052.0
DEBUG 2025-03-08 01:57:33,390 autoreload File C:\Users\lisai\AppData\Local\Programs\Python\Python312\Lib\site-packages\django\core\__init__.py first seen with mtime 1738459698.8965697
DEBUG 2025-03-08 01:57:33,390 autoreload File C:\Users\lisai\AppData\Local\Programs\Python\Python312\Lib\site-packages\django\core\checks\security\__init__.py first seen with mtime 1738459698.9135082
DEBUG 2025-03-08 01:57:33,390 autoreload File C:\Users\lisai\AppData\Local\Programs\Python\Python312\Lib\site-packages\flask\__init__.py first seen with mtime 1739926557.5856485
DEBUG 2025-03-08 01:57:33,390 autoreload File C:\Users\lisai\AppData\Local\Programs\Python\Python312\Lib\site-packages\werkzeug\datastructures\accept.py first seen with mtime 1739926556.6891446
DEBUG 2025-03-08 01:57:33,391 autoreload File C:\Users\lisai\AppData\Local\Programs\Python\Python312\Lib\site-packages\django\template\smartif.py first seen with mtime 1738459699.07784
DEBUG 2025-03-08 01:57:33,391 autoreload File C:\Users\lisai\AppData\Local\Programs\Python\Python312\Lib\site-packages\django\db\migrations\operations\special.py first seen with mtime 1738459698.9905431
DEBUG 2025-03-08 01:57:33,391 autoreload File C:\Users\lisai\AppData\Local\Programs\Python\Python312\Lib\site-packages\werkzeug\datastructures\range.py first seen with mtime 1739926556.692698
DEBUG 2025-03-08 01:57:33,391 autoreload File C:\Users\lisai\AppData\Local\Programs\Python\Python312\Lib\site-packages\django\core\files\base.py first seen with mtime 1738459698.91604
DEBUG 2025-03-08 01:57:33,392 autoreload File C:\Users\lisai\AppData\Local\Programs\Python\Python312\Lib\site-packages\colorfield\metadata.py first seen with mtime 1719196314.1372707
DEBUG 2025-03-08 01:57:33,392 autoreload File C:\Users\lisai\AppData\Local\Programs\Python\Python312\Lib\asyncio\futures.py first seen with mtime 1717718052.0
DEBUG 2025-03-08 01:57:33,392 autoreload File C:\Users\lisai\AppData\Local\Programs\Python\Python312\Lib\site-packages\django\views\generic\base.py first seen with mtime 1738459699.1253798
DEBUG 2025-03-08 01:57:33,392 autoreload File C:\Users\lisai\AppData\Local\Programs\Python\Python312\Lib\site-packages\django\views\i18n.py first seen with mtime 1738459699.1197226
DEBUG 2025-03-08 01:57:33,392 autoreload File C:\Users\lisai\AppData\Local\Programs\Python\Python312\Lib\site-packages\django\contrib\staticfiles\views.py first seen with mtime 1738459698.8920226
DEBUG 2025-03-08 01:57:33,392 autoreload File C:\Users\lisai\AppData\Local\Programs\Python\Python312\Lib\site-packages\django\db\models\sql\datastructures.py first seen with mtime 1738459699.010716
DEBUG 2025-03-08 01:57:33,393 autoreload File C:\Users\lisai\AppData\Local\Programs\Python\Python312\Lib\heapq.py first seen with mtime 1717718052.0
DEBUG 2025-03-08 01:57:33,393 autoreload File C:\Users\lisai\AppData\Local\Programs\Python\Python312\Lib\site-packages\django\contrib\admin\exceptions.py first seen with mtime 1738459696.6540327
DEBUG 2025-03-08 01:57:33,393 autoreload File C:\Users\lisai\AppData\Local\Programs\Python\Python312\Lib\site-packages\django\views\generic\dates.py first seen with mtime 1738459699.1268952
DEBUG 2025-03-08 01:57:33,393 autoreload File C:\Users\lisai\AppData\Local\Programs\Python\Python312\Lib\site-packages\django\db\models\signals.py first seen with mtime 1738459698.999057
DEBUG 2025-03-08 01:57:33,393 autoreload File C:\Users\lisai\AppData\Local\Programs\Python\Python312\Lib\reprlib.py first seen with mtime 1717718052.0
DEBUG 2025-03-08 01:57:33,394 autoreload File C:\Users\lisai\AppData\Local\Programs\Python\Python312\Lib\site-packages\werkzeug\sansio\response.py first seen with mtime 1739926556.7100332
DEBUG 2025-03-08 01:57:33,394 autoreload File C:\Users\lisai\AppData\Local\Programs\Python\Python312\Lib\site-packages\click\_compat.py first seen with mtime 1719199173.8268294
DEBUG 2025-03-08 01:57:33,394 autoreload File C:\Users\lisai\AppData\Local\Programs\Python\Python312\Lib\site-packages\slugify\special.py first seen with mtime 1719199147.618289
DEBUG 2025-03-08 01:57:33,394 autoreload File C:\Users\lisai\AppData\Local\Programs\Python\Python312\Lib\asyncio\proactor_events.py first seen with mtime 1717718052.0
DEBUG 2025-03-08 01:57:33,394 autoreload File C:\Users\lisai\AppData\Local\Programs\Python\Python312\Lib\email\parser.py first seen with mtime 1717718052.0
DEBUG 2025-03-08 01:57:33,395 autoreload File C:\Users\lisai\AppData\Local\Programs\Python\Python312\Lib\site-packages\django\contrib\admin\utils.py first seen with mtime 1738459696.6580372
DEBUG 2025-03-08 01:57:33,395 autoreload File C:\Users\lisai\AppData\Local\Programs\Python\Python312\Lib\asyncio\base_futures.py first seen with mtime 1717718052.0
DEBUG 2025-03-08 01:57:33,395 autoreload File C:\Users\lisai\AppData\Local\Programs\Python\Python312\Lib\site-packages\django\contrib\admin\templatetags\__init__.py first seen with mtime 1738459697.0062146
DEBUG 2025-03-08 01:57:33,395 autoreload File C:\Users\lisai\AppData\Local\Programs\Python\Python312\Lib\site-packages\django\utils\regex_helper.py first seen with mtime 1738459699.110903
DEBUG 2025-03-08 01:57:33,395 autoreload File C:\Users\lisai\AppData\Local\Programs\Python\Python312\Lib\asyncio\sslproto.py first seen with mtime 1717718052.0
DEBUG 2025-03-08 01:57:33,396 autoreload File C:\Users\lisai\AppData\Local\Programs\Python\Python312\Lib\site-packages\django\core\serializers\json.py first seen with mtime 1738459698.9473422
DEBUG 2025-03-08 01:57:33,396 autoreload File C:\Users\lisai\AppData\Local\Programs\Python\Python312\Lib\difflib.py first seen with mtime 1717718052.0
DEBUG 2025-03-08 01:57:33,396 autoreload File C:\Users\lisai\AppData\Local\Programs\Python\Python312\Lib\socket.py first seen with mtime 1717718052.0
DEBUG 2025-03-08 01:57:33,396 autoreload File C:\Users\lisai\AppData\Local\Programs\Python\Python312\DLLs\_hashlib.pyd first seen with mtime 1717718102.0
DEBUG 2025-03-08 01:57:33,396 autoreload File C:\Users\lisai\AppData\Local\Programs\Python\Python312\Lib\site-packages\django\contrib\staticfiles\utils.py first seen with mtime 1738459698.8909059
DEBUG 2025-03-08 01:57:33,397 autoreload File C:\Users\lisai\AppData\Local\Programs\Python\Python312\Lib\site-packages\django\db\migrations\__init__.py first seen with mtime 1738459698.9811964
DEBUG 2025-03-08 01:57:33,397 autoreload File C:\Users\lisai\AppData\Local\Programs\Python\Python312\Lib\asyncio\constants.py first seen with mtime 1717718052.0
DEBUG 2025-03-08 01:57:33,397 autoreload File C:\Users\lisai\AppData\Local\Programs\Python\Python312\Lib\site-packages\django\template\engine.py first seen with mtime 1738459699.0753071
DEBUG 2025-03-08 01:57:33,397 autoreload File C:\Users\lisai\AppData\Local\Programs\Python\Python312\Lib\site-packages\django\core\cache\backends\filebased.py first seen with mtime 1738459698.9038234
DEBUG 2025-03-08 01:57:33,397 autoreload File C:\Users\lisai\AppData\Local\Programs\Python\Python312\Lib\site-packages\django\core\files\locks.py first seen with mtime 1738459698.91604
DEBUG 2025-03-08 01:57:33,398 autoreload File C:\Users\lisai\AppData\Local\Programs\Python\Python312\Lib\site-packages\django\dispatch\__init__.py first seen with mtime 1738459699.014393
DEBUG 2025-03-08 01:57:33,398 autoreload File C:\Users\lisai\AppData\Local\Programs\Python\Python312\Lib\site-packages\PIL\ImageMode.py first seen with mtime 1719199152.238098
DEBUG 2025-03-08 01:57:33,398 autoreload File C:\Users\lisai\AppData\Local\Programs\Python\Python312\Lib\concurrent\futures\__init__.py first seen with mtime 1717718052.0
DEBUG 2025-03-08 01:57:33,398 autoreload File C:\Users\lisai\AppData\Local\Programs\Python\Python312\Lib\_compression.py first seen with mtime 1717718052.0
DEBUG 2025-03-08 01:57:33,398 autoreload File C:\Users\lisai\AppData\Local\Programs\Python\Python312\Lib\site-packages\django\http\multipartparser.py first seen with mtime 1738459699.0653417
DEBUG 2025-03-08 01:57:33,399 autoreload File C:\Users\lisai\AppData\Local\Programs\Python\Python312\Lib\site-packages\itsdangerous\signer.py first seen with mtime 1739926557.4165854
DEBUG 2025-03-08 01:57:33,399 autoreload File C:\Users\lisai\AppData\Local\Programs\Python\Python312\Lib\site-packages\django\core\serializers\base.py first seen with mtime 1738459698.9473422
DEBUG 2025-03-08 01:57:33,399 autoreload File C:\Users\lisai\AppData\Local\Programs\Python\Python312\Lib\site-packages\jinja2\idtracking.py first seen with mtime 1719199159.9808056
DEBUG 2025-03-08 01:57:33,399 autoreload File C:\Users\lisai\AppData\Local\Programs\Python\Python312\Lib\site-packages\django\db\migrations\migration.py first seen with mtime 1738459698.9842916
DEBUG 2025-03-08 01:57:33,399 autoreload File C:\Users\lisai\AppData\Local\Programs\Python\Python312\Lib\asyncio\queues.py first seen with mtime 1717718052.0
DEBUG 2025-03-08 01:57:33,399 autoreload File C:\Users\lisai\AppData\Local\Programs\Python\Python312\Lib\site-packages\werkzeug\routing\exceptions.py first seen with mtime 1739926556.7049472
DEBUG 2025-03-08 01:57:33,400 autoreload File C:\Users\lisai\AppData\Local\Programs\Python\Python312\DLLs\_zoneinfo.pyd first seen with mtime 1717718102.0
DEBUG 2025-03-08 01:57:33,400 autoreload File C:\Users\lisai\AppData\Local\Programs\Python\Python312\DLLs\_wmi.pyd first seen with mtime 1717718102.0
DEBUG 2025-03-08 01:57:33,400 autoreload File C:\Users\lisai\AppData\Local\Programs\Python\Python312\Lib\site-packages\django\core\checks\translation.py first seen with mtime 1738459698.9112546
DEBUG 2025-03-08 01:57:33,400 autoreload File C:\Users\lisai\AppData\Local\Programs\Python\Python312\Lib\gettext.py first seen with mtime 1717718052.0
DEBUG 2025-03-08 01:57:33,400 autoreload File C:\Users\lisai\AppData\Local\Programs\Python\Python312\Lib\site-packages\sqlparse\cli.py first seen with mtime 1719199144.3405976
DEBUG 2025-03-08 01:57:33,401 autoreload File C:\Users\lisai\AppData\Local\Programs\Python\Python312\Lib\site-packages\sqlparse\engine\filter_stack.py first seen with mtime 1719199144.348279
DEBUG 2025-03-08 01:57:33,401 autoreload File C:\Users\lisai\AppData\Local\Programs\Python\Python312\Lib\site-packages\sqlparse\exceptions.py first seen with mtime 1719199144.3416116
DEBUG 2025-03-08 01:57:33,401 autoreload File C:\Users\lisai\AppData\Local\Programs\Python\Python312\Lib\site-packages\sqlparse\tokens.py first seen with mtime 1719199144.3467603
DEBUG 2025-03-08 01:57:33,401 autoreload File C:\Users\lisai\AppData\Local\Programs\Python\Python312\Lib\copyreg.py first seen with mtime 1717718052.0
DEBUG 2025-03-08 01:57:33,402 autoreload File C:\Users\lisai\AppData\Local\Programs\Python\Python312\Lib\site-packages\django\core\files\storage\memory.py first seen with mtime 1738459698.9217255
DEBUG 2025-03-08 01:57:33,402 autoreload File C:\Users\lisai\AppData\Local\Programs\Python\Python312\Lib\site-packages\django\template\context.py first seen with mtime 1738459699.0732956
DEBUG 2025-03-08 01:57:33,402 autoreload File C:\Users\lisai\AppData\Local\Programs\Python\Python312\Lib\site-packages\django\utils\text.py first seen with mtime 1738459699.1125767
DEBUG 2025-03-08 01:57:33,402 autoreload File C:\Users\lisai\AppData\Local\Programs\Python\Python312\Lib\types.py first seen with mtime 1717718052.0
DEBUG 2025-03-08 01:57:33,402 autoreload File C:\Users\lisai\AppData\Local\Programs\Python\Python312\Lib\site-packages\django\db\migrations\exceptions.py first seen with mtime 1738459698.9827895
DEBUG 2025-03-08 01:57:33,403 autoreload File C:\Users\lisai\AppData\Local\Programs\Python\Python312\Lib\site-packages\blinker\__init__.py first seen with mtime 1739926557.5354486
DEBUG 2025-03-08 01:57:33,403 autoreload File C:\Users\lisai\AppData\Local\Programs\Python\Python312\Lib\inspect.py first seen with mtime 1717718052.0
DEBUG 2025-03-08 01:57:33,403 autoreload File C:\Users\lisai\AppData\Local\Programs\Python\Python312\Lib\sysconfig.py first seen with mtime 1717718052.0
DEBUG 2025-03-08 01:57:33,403 autoreload File C:\Users\lisai\AppData\Local\Programs\Python\Python312\Lib\json\scanner.py first seen with mtime 1717718052.0
DEBUG 2025-03-08 01:57:33,404 autoreload File C:\Users\lisai\AppData\Local\Programs\Python\Python312\Lib\typing.py first seen with mtime 1717718052.0
DEBUG 2025-03-08 01:57:33,404 autoreload File C:\Users\lisai\AppData\Local\Programs\Python\Python312\Lib\site-packages\django\contrib\messages\storage\base.py first seen with mtime 1738459698.2574868
DEBUG 2025-03-08 01:57:33,404 autoreload File C:\Users\lisai\AppData\Local\Programs\Python\Python312\Lib\site-packages\django\forms\forms.py first seen with mtime 1738459699.0174236
DEBUG 2025-03-08 01:57:33,404 autoreload File C:\Users\lisai\AppData\Local\Programs\Python\Python312\Lib\site-packages\jinja2\tests.py first seen with mtime 1719199159.988396
DEBUG 2025-03-08 01:57:33,404 autoreload File C:\Users\lisai\AppData\Local\Programs\Python\Python312\Lib\site-packages\colorfield\utils.py first seen with mtime 1719196314.1393068
DEBUG 2025-03-08 01:57:33,405 autoreload File C:\Users\lisai\AppData\Local\Programs\Python\Python312\Lib\site-packages\django\urls\conf.py first seen with mtime 1738459699.0935354
DEBUG 2025-03-08 01:57:33,405 autoreload File C:\Users\lisai\AppData\Local\Programs\Python\Python312\Lib\site-packages\django\views\decorators\debug.py first seen with mtime 1738459699.122847
DEBUG 2025-03-08 01:57:33,405 autoreload File C:\Users\lisai\AppData\Local\Programs\Python\Python312\Lib\site-packages\django\apps\registry.py first seen with mtime 1738459696.4015784
DEBUG 2025-03-08 01:57:33,405 autoreload File C:\Users\lisai\AppData\Local\Programs\Python\Python312\Lib\site-packages\django\forms\widgets.py first seen with mtime 1738459699.0200348
DEBUG 2025-03-08 01:57:33,405 autoreload File C:\Users\lisai\AppData\Local\Programs\Python\Python312\DLLs\_bz2.pyd first seen with mtime 1717718102.0
DEBUG 2025-03-08 01:57:33,406 autoreload File C:\Users\lisai\AppData\Local\Programs\Python\Python312\Lib\site-packages\click\formatting.py first seen with mtime 1719199173.8329637
DEBUG 2025-03-08 01:57:33,406 autoreload File C:\Users\lisai\AppData\Local\Programs\Python\Python312\DLLs\_lzma.pyd first seen with mtime 1717718102.0
DEBUG 2025-03-08 01:57:33,407 autoreload File C:\Users\lisai\AppData\Local\Programs\Python\Python312\Lib\socketserver.py first seen with mtime 1717718052.0
DEBUG 2025-03-08 01:57:33,407 autoreload File C:\Users\lisai\AppData\Local\Programs\Python\Python312\DLLs\_overlapped.pyd first seen with mtime 1717718102.0
DEBUG 2025-03-08 01:57:33,407 autoreload File C:\Users\lisai\AppData\Local\Programs\Python\Python312\Lib\site-packages\django\db\backends\base\operations.py first seen with mtime 1738459698.9573555
DEBUG 2025-03-08 01:57:33,407 autoreload File C:\Users\lisai\AppData\Local\Programs\Python\Python312\Lib\logging\handlers.py first seen with mtime 1717718052.0
DEBUG 2025-03-08 01:57:33,407 autoreload File C:\Users\lisai\AppData\Local\Programs\Python\Python312\Lib\site-packages\django\contrib\messages\api.py first seen with mtime 1738459698.2529392
DEBUG 2025-03-08 01:57:33,407 autoreload File C:\Users\lisai\AppData\Local\Programs\Python\Python312\Lib\xml\etree\ElementTree.py first seen with mtime 1717718052.0
DEBUG 2025-03-08 01:57:33,408 autoreload File C:\Users\lisai\AppData\Local\Programs\Python\Python312\Lib\email\_parseaddr.py first seen with mtime 1717718052.0
DEBUG 2025-03-08 01:57:33,408 autoreload File C:\Users\lisai\AppData\Local\Programs\Python\Python312\Lib\zoneinfo\__init__.py first seen with mtime 1717718052.0
DEBUG 2025-03-08 01:57:33,408 autoreload File C:\Users\lisai\AppData\Local\Programs\Python\Python312\Lib\site-packages\django\db\models\fields\proxy.py first seen with mtime 1738459699.002677
DEBUG 2025-03-08 01:57:33,408 autoreload File C:\Users\lisai\AppData\Local\Programs\Python\Python312\DLLs\_sqlite3.pyd first seen with mtime 1717718102.0
DEBUG 2025-03-08 01:57:33,408 autoreload File C:\Users\lisai\AppData\Local\Programs\Python\Python312\Lib\site-packages\django\contrib\auth\validators.py first seen with mtime 1738459697.3069308
DEBUG 2025-03-08 01:57:33,409 autoreload File C:\Users\lisai\AppData\Local\Programs\Python\Python312\Lib\re\_constants.py first seen with mtime 1717718052.0
DEBUG 2025-03-08 01:57:33,409 autoreload File C:\Users\lisai\AppData\Local\Programs\Python\Python312\Lib\site-packages\admin_interface\metadata.py first seen with mtime 1732853016.3031998
DEBUG 2025-03-08 01:57:33,409 autoreload File C:\Users\lisai\AppData\Local\Programs\Python\Python312\Lib\site-packages\django\core\files\__init__.py first seen with mtime 1738459698.9155333
DEBUG 2025-03-08 01:57:33,409 autoreload File C:\Users\lisai\AppData\Local\Programs\Python\Python312\Lib\email\encoders.py first seen with mtime 1717718052.0
DEBUG 2025-03-08 01:57:33,409 autoreload File C:\Users\lisai\AppData\Local\Programs\Python\Python312\Lib\site-packages\django\db\migrations\operations\models.py first seen with mtime 1738459698.9900336
DEBUG 2025-03-08 01:57:33,410 autoreload File C:\Users\lisai\AppData\Local\Programs\Python\Python312\Lib\encodings\utf_8_sig.py first seen with mtime 1717718052.0
DEBUG 2025-03-08 01:57:33,410 autoreload File C:\Users\lisai\AppData\Local\Programs\Python\Python312\Lib\bz2.py first seen with mtime 1717718052.0
DEBUG 2025-03-08 01:57:33,410 autoreload File C:\Users\lisai\AppData\Local\Programs\Python\Python312\Lib\site-packages\django\utils\connection.py first seen with mtime 1738459699.0996468
DEBUG 2025-03-08 01:57:33,410 autoreload File C:\Users\lisai\AppData\Local\Programs\Python\Python312\Lib\site-packages\django\core\mail\message.py first seen with mtime 1738459698.9257786
DEBUG 2025-03-08 01:57:33,411 autoreload File C:\Users\lisai\AppData\Local\Programs\Python\Python312\Lib\site-packages\django\utils\version.py first seen with mtime 1738459699.1136692
DEBUG 2025-03-08 01:57:33,411 autoreload File C:\Users\lisai\AppData\Local\Programs\Python\Python312\Lib\site-packages\werkzeug\sansio\http.py first seen with mtime 1739926556.7090151
DEBUG 2025-03-08 01:57:33,411 autoreload File C:\Users\lisai\AppData\Local\Programs\Python\Python312\Lib\site-packages\click\__init__.py first seen with mtime 1719199173.8258157
DEBUG 2025-03-08 01:57:33,412 autoreload File C:\Users\lisai\AppData\Local\Programs\Python\Python312\Lib\site-packages\django\core\wsgi.py first seen with mtime 1738459698.9006462
DEBUG 2025-03-08 01:57:33,412 autoreload File C:\Users\lisai\AppData\Local\Programs\Python\Python312\Lib\email\quoprimime.py first seen with mtime 1717718052.0
DEBUG 2025-03-08 01:57:33,412 autoreload File C:\Users\lisai\AppData\Local\Programs\Python\Python312\Lib\site-packages\django\core\checks\urls.py first seen with mtime 1738459698.9118173
DEBUG 2025-03-08 01:57:33,413 autoreload File C:\Users\lisai\AppData\Local\Programs\Python\Python312\Lib\xml\etree\ElementPath.py first seen with mtime 1717718052.0
DEBUG 2025-03-08 01:57:33,413 autoreload File C:\Users\lisai\AppData\Local\Programs\Python\Python312\Lib\site-packages\django\contrib\messages\apps.py first seen with mtime 1738459698.2529392
DEBUG 2025-03-08 01:57:33,413 autoreload File C:\Users\lisai\AppData\Local\Programs\Python\Python312\Lib\operator.py first seen with mtime 1717718052.0
DEBUG 2025-03-08 01:57:33,414 autoreload File C:\Users\lisai\AppData\Local\Programs\Python\Python312\Lib\site-packages\django\utils\timesince.py first seen with mtime 1738459699.1125767
DEBUG 2025-03-08 01:57:33,414 autoreload File C:\Users\lisai\AppData\Local\Programs\Python\Python312\Lib\tokenize.py first seen with mtime 1717718052.0
DEBUG 2025-03-08 01:57:33,414 autoreload File C:\Users\lisai\AppData\Local\Programs\Python\Python312\Lib\site-packages\django\core\checks\security\csrf.py first seen with mtime 1738459698.9145217
DEBUG 2025-03-08 01:57:33,415 autoreload File C:\Users\lisai\AppData\Local\Programs\Python\Python312\Lib\site-packages\django\core\checks\templates.py first seen with mtime 1738459698.9104242
DEBUG 2025-03-08 01:57:33,415 autoreload File C:\Users\lisai\AppData\Local\Programs\Python\Python312\Lib\site-packages\click\termui.py first seen with mtime 1719199173.8359704
DEBUG 2025-03-08 01:57:33,415 autoreload File C:\Users\lisai\AppData\Local\Programs\Python\Python312\Lib\site-packages\django\template\utils.py first seen with mtime 1738459699.07784
DEBUG 2025-03-08 01:57:33,415 autoreload File C:\Users\lisai\AppData\Local\Programs\Python\Python312\Lib\site-packages\slugify\__init__.py first seen with mtime 1719199147.6157627
DEBUG 2025-03-08 01:57:33,416 autoreload File C:\Users\lisai\AppData\Local\Programs\Python\Python312\Lib\site-packages\werkzeug\local.py first seen with mtime 1739926556.68248
DEBUG 2025-03-08 01:57:33,416 autoreload File C:\Users\lisai\AppData\Local\Programs\Python\Python312\Lib\asyncio\threads.py first seen with mtime 1717718052.0
DEBUG 2025-03-08 01:57:33,416 autoreload File C:\Users\lisai\AppData\Local\Programs\Python\Python312\Lib\site-packages\asgiref\__init__.py first seen with mtime 1738459694.3857305
DEBUG 2025-03-08 01:57:33,417 autoreload File C:\Users\lisai\AppData\Local\Programs\Python\Python312\Lib\site-packages\werkzeug\datastructures\__init__.py first seen with mtime 1739926556.6886387
DEBUG 2025-03-08 01:57:33,417 autoreload File C:\Users\lisai\AppData\Local\Programs\Python\Python312\Lib\site-packages\django\db\models\functions\math.py first seen with mtime 1738459699.0077105
DEBUG 2025-03-08 01:57:33,417 autoreload File C:\Users\lisai\AppData\Local\Programs\Python\Python312\Lib\glob.py first seen with mtime 1717718052.0
DEBUG 2025-03-08 01:57:33,418 autoreload File C:\Users\lisai\AppData\Local\Programs\Python\Python312\Lib\site-packages\django\contrib\sessions\base_session.py first seen with mtime 1738459698.5750246
DEBUG 2025-03-08 01:57:33,418 autoreload File C:\Users\lisai\AppData\Local\Programs\Python\Python312\Lib\site-packages\django\urls\__init__.py first seen with mtime 1738459699.092521
DEBUG 2025-03-08 01:57:33,418 autoreload File C:\Users\lisai\AppData\Local\Programs\Python\Python312\Lib\site-packages\django\db\backends\base\client.py first seen with mtime 1738459698.955853
DEBUG 2025-03-08 01:57:33,418 autoreload File C:\Users\lisai\AppData\Local\Programs\Python\Python312\Lib\pkgutil.py first seen with mtime 1717718052.0
DEBUG 2025-03-08 01:57:33,419 autoreload File C:\Users\lisai\AppData\Local\Programs\Python\Python312\Lib\site-packages\werkzeug\wrappers\__init__.py first seen with mtime 1739926556.7115586
DEBUG 2025-03-08 01:57:33,419 autoreload File C:\Users\lisai\AppData\Local\Programs\Python\Python312\Lib\site-packages\django\db\models\functions\mixins.py first seen with mtime 1738459699.0077105
DEBUG 2025-03-08 01:57:33,419 autoreload File C:\Users\lisai\AppData\Local\Programs\Python\Python312\Lib\site-packages\jinja2\__init__.py first seen with mtime 1719199159.972056
DEBUG 2025-03-08 01:57:33,419 autoreload File C:\Users\lisai\AppData\Local\Programs\Python\Python312\Lib\site-packages\colorfield\fields.py first seen with mtime 1719196314.1372707
DEBUG 2025-03-08 01:57:33,420 autoreload File C:\Users\lisai\AppData\Local\Programs\Python\Python312\Lib\weakref.py first seen with mtime 1717718052.0
DEBUG 2025-03-08 01:57:33,420 autoreload File C:\Users\lisai\AppData\Local\Programs\Python\Python312\Lib\site-packages\django\db\models\sql\subqueries.py first seen with mtime 1738459699.0128736
DEBUG 2025-03-08 01:57:33,420 autoreload File C:\Users\lisai\AppData\Local\Programs\Python\Python312\Lib\ast.py first seen with mtime 1717718052.0
DEBUG 2025-03-08 01:57:33,420 autoreload File C:\Users\lisai\AppData\Local\Programs\Python\Python312\Lib\site-packages\django\template\loaders\filesystem.py first seen with mtime 1738459699.0837655
DEBUG 2025-03-08 01:57:33,421 autoreload File C:\Users\lisai\AppData\Local\Programs\Python\Python312\Lib\site-packages\flask\ctx.py first seen with mtime 1739926557.5892425
DEBUG 2025-03-08 01:57:33,421 autoreload File C:\Users\lisai\AppData\Local\Programs\Python\Python312\Lib\site-packages\django\db\models\functions\__init__.py first seen with mtime 1738459699.006208
DEBUG 2025-03-08 01:57:33,421 autoreload File C:\Users\lisai\AppData\Local\Programs\Python\Python312\Lib\site-packages\werkzeug\wrappers\request.py first seen with mtime 1739926556.7120671
DEBUG 2025-03-08 01:57:33,421 autoreload File C:\Users\lisai\AppData\Local\Programs\Python\Python312\Lib\encodings\aliases.py first seen with mtime 1717718052.0
DEBUG 2025-03-08 01:57:33,422 autoreload File C:\Users\lisai\AppData\Local\Programs\Python\Python312\Lib\asyncio\streams.py first seen with mtime 1717718052.0
DEBUG 2025-03-08 01:57:33,422 autoreload File C:\Users\lisai\AppData\Local\Programs\Python\Python312\Lib\site-packages\colorama\win32.py first seen with mtime 1719199155.080805
DEBUG 2025-03-08 01:57:33,422 autoreload File C:\Users\lisai\AppData\Local\Programs\Python\Python312\Lib\site-packages\django\contrib\admin\actions.py first seen with mtime 1738459696.65253
DEBUG 2025-03-08 01:57:33,422 autoreload File C:\Users\lisai\AppData\Local\Programs\Python\Python312\Lib\json\encoder.py first seen with mtime 1717718052.0
DEBUG 2025-03-08 01:57:33,422 autoreload File C:\Users\lisai\AppData\Local\Programs\Python\Python312\Lib\site-packages\jinja2\loaders.py first seen with mtime 1719199159.9823232
DEBUG 2025-03-08 01:57:33,422 autoreload File C:\Users\lisai\AppData\Local\Programs\Python\Python312\Lib\xml\etree\__init__.py first seen with mtime 1717718052.0
DEBUG 2025-03-08 01:57:33,423 autoreload File C:\Users\lisai\AppData\Local\Programs\Python\Python312\Lib\site-packages\django\db\models\base.py first seen with mtime 1738459698.992539
DEBUG 2025-03-08 01:57:33,423 autoreload File C:\Users\lisai\AppData\Local\Programs\Python\Python312\Lib\site-packages\django\contrib\admin\templatetags\admin_modify.py first seen with mtime 1738459697.007728
DEBUG 2025-03-08 01:57:33,423 autoreload File C:\Users\lisai\AppData\Local\Programs\Python\Python312\Lib\site-packages\django\utils\dateparse.py first seen with mtime 1738459699.1011724
DEBUG 2025-03-08 01:57:33,423 autoreload File C:\Users\lisai\AppData\Local\Programs\Python\Python312\Lib\json\decoder.py first seen with mtime 1717718052.0
DEBUG 2025-03-08 01:57:33,423 autoreload File C:\Users\lisai\AppData\Local\Programs\Python\Python312\Lib\site-packages\django\db\backends\sqlite3\__init__.py first seen with mtime 1738459698.9768126
DEBUG 2025-03-08 01:57:33,424 autoreload File C:\Users\lisai\AppData\Local\Programs\Python\Python312\Lib\site-packages\django\db\utils.py first seen with mtime 1738459698.9522839
DEBUG 2025-03-08 01:57:33,424 autoreload File C:\Users\lisai\AppData\Local\Programs\Python\Python312\Lib\xml\__init__.py first seen with mtime 1717718052.0
DEBUG 2025-03-08 01:57:33,425 autoreload File C:\Users\lisai\AppData\Local\Programs\Python\Python312\Lib\site-packages\django\forms\models.py first seen with mtime 1738459699.0185099
DEBUG 2025-03-08 01:57:33,425 autoreload File C:\Users\lisai\AppData\Local\Programs\Python\Python312\Lib\site-packages\PIL\_util.py first seen with mtime 1719199152.308214
DEBUG 2025-03-08 01:57:33,425 autoreload File C:\Users\lisai\AppData\Local\Programs\Python\Python312\Lib\site-packages\django\db\models\functions\text.py first seen with mtime 1738459699.00871
DEBUG 2025-03-08 01:57:33,425 autoreload File C:\Users\lisai\AppData\Local\Programs\Python\Python312\Lib\site-packages\click\parser.py first seen with mtime 1719199173.834583
DEBUG 2025-03-08 01:57:33,425 autoreload File C:\Users\lisai\AppData\Local\Programs\Python\Python312\Lib\site-packages\django\forms\__init__.py first seen with mtime 1738459699.015914
DEBUG 2025-03-08 01:57:33,426 autoreload File C:\Users\lisai\AppData\Local\Programs\Python\Python312\Lib\site-packages\django\db\backends\sqlite3\introspection.py first seen with mtime 1738459698.9798727
DEBUG 2025-03-08 01:57:33,426 autoreload File C:\Users\lisai\AppData\Local\Programs\Python\Python312\Lib\site-packages\django\template\backends\__init__.py first seen with mtime 1738459699.0788398
DEBUG 2025-03-08 01:57:33,426 autoreload File C:\Users\lisai\AppData\Local\Programs\Python\Python312\Lib\site-packages\django\utils\safestring.py first seen with mtime 1738459699.110903
DEBUG 2025-03-08 01:57:33,426 autoreload File C:\Users\lisai\AppData\Local\Programs\Python\Python312\Lib\site-packages\django\contrib\admin\templatetags\log.py first seen with mtime 1738459697.010757
DEBUG 2025-03-08 01:57:33,427 autoreload File C:\Users\lisai\AppData\Local\Programs\Python\Python312\Lib\importlib\metadata\_meta.py first seen with mtime 1717718052.0
DEBUG 2025-03-08 01:57:33,427 autoreload File C:\Users\lisai\AppData\Local\Programs\Python\Python312\Lib\site-packages\werkzeug\sansio\__init__.py first seen with mtime 1739926556.7085063
DEBUG 2025-03-08 01:57:33,427 autoreload File C:\Users\lisai\AppData\Local\Programs\Python\Python312\Lib\urllib\request.py first seen with mtime 1717718052.0
DEBUG 2025-03-08 01:57:33,427 autoreload File C:\Users\lisai\AppData\Local\Programs\Python\Python312\Lib\site-packages\django\contrib\admin\views\autocomplete.py first seen with mtime 1738459697.011864
DEBUG 2025-03-08 01:57:33,427 autoreload File C:\Users\lisai\AppData\Local\Programs\Python\Python312\Lib\asyncio\locks.py first seen with mtime 1717718052.0
DEBUG 2025-03-08 01:57:33,428 autoreload File C:\Users\lisai\AppData\Local\Programs\Python\Python312\Lib\site-packages\django\core\files\storage\base.py first seen with mtime 1738459698.9196045
DEBUG 2025-03-08 01:57:33,428 autoreload File C:\Users\lisai\AppData\Local\Programs\Python\Python312\Lib\site-packages\django\core\management\commands\runserver.py first seen with mtime 1738459698.9401796
DEBUG 2025-03-08 01:57:33,428 autoreload File C:\Users\lisai\AppData\Local\Programs\Python\Python312\Lib\asyncio\base_events.py first seen with mtime 1717718052.0
DEBUG 2025-03-08 01:57:33,428 autoreload File C:\Users\lisai\AppData\Local\Programs\Python\Python312\Lib\site-packages\werkzeug\wsgi.py first seen with mtime 1739926556.6881287
DEBUG 2025-03-08 01:57:33,428 autoreload File C:\Users\lisai\AppData\Local\Programs\Python\Python312\Lib\opcode.py first seen with mtime 1717718052.0
DEBUG 2025-03-08 01:57:33,429 autoreload File C:\Users\lisai\AppData\Local\Programs\Python\Python312\Lib\site-packages\django\utils\_os.py first seen with mtime 1738459699.096565
DEBUG 2025-03-08 01:57:33,429 autoreload File C:\Users\lisai\AppData\Local\Programs\Python\Python312\Lib\site-packages\sqlparse\engine\grouping.py first seen with mtime 1719199144.348783
DEBUG 2025-03-08 01:57:33,429 autoreload File C:\Users\lisai\AppData\Local\Programs\Python\Python312\Lib\site-packages\werkzeug\_internal.py first seen with mtime 1739926556.679426
DEBUG 2025-03-08 01:57:33,429 autoreload File C:\Users\lisai\AppData\Local\Programs\Python\Python312\Lib\site-packages\django\core\files\move.py first seen with mtime 1738459698.91604
DEBUG 2025-03-08 01:57:33,429 autoreload File C:\Users\lisai\AppData\Local\Programs\Python\Python312\Lib\warnings.py first seen with mtime 1717718052.0
DEBUG 2025-03-08 01:57:33,430 autoreload File C:\Users\lisai\OneDrive\Escritorio\Dev\Medidor Inteligente\medidor\app\__init__.py first seen with mtime 1737985808.1041198
DEBUG 2025-03-08 01:57:33,430 autoreload File C:\Users\lisai\AppData\Local\Programs\Python\Python312\Lib\site-packages\django\contrib\admin\checks.py first seen with mtime 1738459696.6535296
DEBUG 2025-03-08 01:57:33,430 autoreload File C:\Users\lisai\AppData\Local\Programs\Python\Python312\Lib\html\entities.py first seen with mtime 1717718052.0
DEBUG 2025-03-08 01:57:33,430 autoreload File C:\Users\lisai\AppData\Local\Programs\Python\Python312\Lib\site-packages\django\contrib\auth\__init__.py first seen with mtime 1738459697.2985518
DEBUG 2025-03-08 01:57:33,431 autoreload File C:\Users\lisai\AppData\Local\Programs\Python\Python312\Lib\site-packages\django\core\management\__init__.py first seen with mtime 1738459698.929803
DEBUG 2025-03-08 01:57:33,431 autoreload File C:\Users\lisai\AppData\Local\Programs\Python\Python312\Lib\site-packages\django\core\serializers\__init__.py first seen with mtime 1738459698.9468377
DEBUG 2025-03-08 01:57:33,431 autoreload File C:\Users\lisai\AppData\Local\Programs\Python\Python312\Lib\asyncio\taskgroups.py first seen with mtime 1717718052.0
DEBUG 2025-03-08 01:57:33,431 autoreload File C:\Users\lisai\AppData\Local\Programs\Python\Python312\Lib\site-packages\_distutils_hack\__init__.py first seen with mtime 1719199144.9673767
DEBUG 2025-03-08 01:57:33,432 autoreload File C:\Users\lisai\AppData\Local\Programs\Python\Python312\Lib\site-packages\admin_interface\cache.py first seen with mtime 1732853016.3026888
DEBUG 2025-03-08 01:57:33,432 autoreload File C:\Users\lisai\AppData\Local\Programs\Python\Python312\Lib\site-packages\jinja2\utils.py first seen with mtime 1719199159.988396
DEBUG 2025-03-08 01:57:33,432 autoreload File C:\Users\lisai\AppData\Local\Programs\Python\Python312\Lib\site-packages\django\db\backends\base\schema.py first seen with mtime 1738459698.958859
DEBUG 2025-03-08 01:57:33,432 autoreload File C:\Users\lisai\AppData\Local\Programs\Python\Python312\Lib\site-packages\django\core\checks\security\sessions.py first seen with mtime 1738459698.9150274
DEBUG 2025-03-08 01:57:33,433 autoreload File C:\Users\lisai\AppData\Local\Programs\Python\Python312\Lib\smtplib.py first seen with mtime 1717718052.0
DEBUG 2025-03-08 01:57:33,433 autoreload File C:\Users\lisai\AppData\Local\Programs\Python\Python312\Lib\lzma.py first seen with mtime 1717718052.0
DEBUG 2025-03-08 01:57:33,433 autoreload File C:\Users\lisai\AppData\Local\Programs\Python\Python312\Lib\pprint.py first seen with mtime 1717718052.0
DEBUG 2025-03-08 01:57:33,433 autoreload File C:\Users\lisai\AppData\Local\Programs\Python\Python312\Lib\site-packages\django\contrib\auth\management\__init__.py first seen with mtime 1738459697.466905
DEBUG 2025-03-08 01:57:33,434 autoreload File C:\Users\lisai\AppData\Local\Programs\Python\Python312\DLLs\pyexpat.pyd first seen with mtime 1717718102.0
DEBUG 2025-03-08 01:57:33,434 autoreload File C:\Users\lisai\AppData\Local\Programs\Python\Python312\Lib\multiprocessing\process.py first seen with mtime 1717718052.0
DEBUG 2025-03-08 01:57:33,434 autoreload File C:\Users\lisai\AppData\Local\Programs\Python\Python312\Lib\site-packages\django\db\__init__.py first seen with mtime 1738459698.9511595
DEBUG 2025-03-08 01:57:33,434 autoreload File C:\Users\lisai\AppData\Local\Programs\Python\Python312\Lib\wsgiref\headers.py first seen with mtime 1717718052.0
DEBUG 2025-03-08 01:57:33,434 autoreload File C:\Users\lisai\AppData\Local\Programs\Python\Python312\Lib\site-packages\django\db\models\sql\query.py first seen with mtime 1738459699.0128736
DEBUG 2025-03-08 01:57:33,435 autoreload File C:\Users\lisai\AppData\Local\Programs\Python\Python312\Lib\site-packages\django\core\files\storage\handler.py first seen with mtime 1738459698.921214
DEBUG 2025-03-08 01:57:33,435 autoreload File C:\Users\lisai\AppData\Local\Programs\Python\Python312\Lib\site-packages\blinker\_utilities.py first seen with mtime 1739926557.5359569
DEBUG 2025-03-08 01:57:33,435 autoreload File C:\Users\lisai\AppData\Local\Programs\Python\Python312\Lib\shutil.py first seen with mtime 1717718052.0
DEBUG 2025-03-08 01:57:33,435 autoreload File C:\Users\lisai\AppData\Local\Programs\Python\Python312\Lib\site-packages\django\conf\locale\__init__.py first seen with mtime 1738459696.4137545
DEBUG 2025-03-08 01:57:33,435 autoreload File C:\Users\lisai\AppData\Local\Programs\Python\Python312\Lib\site-packages\werkzeug\user_agent.py first seen with mtime 1739926556.6871142
DEBUG 2025-03-08 01:57:33,436 autoreload File C:\Users\lisai\AppData\Local\Programs\Python\Python312\Lib\concurrent\__init__.py first seen with mtime 1717718052.0
DEBUG 2025-03-08 01:57:33,436 autoreload File C:\Users\lisai\AppData\Local\Programs\Python\Python312\Lib\site-packages\django\templatetags\cache.py first seen with mtime 1738459699.085356
DEBUG 2025-03-08 01:57:33,436 autoreload File C:\Users\lisai\AppData\Local\Programs\Python\Python312\Lib\decimal.py first seen with mtime 1717718052.0
DEBUG 2025-03-08 01:57:33,436 autoreload File C:\Users\lisai\AppData\Local\Programs\Python\Python312\Lib\site-packages\flask\json\tag.py first seen with mtime 1739926557.5963662
DEBUG 2025-03-08 01:57:33,437 autoreload File C:\Users\lisai\AppData\Local\Programs\Python\Python312\Lib\site-packages\werkzeug\datastructures\csp.py first seen with mtime 1739926556.6906683
DEBUG 2025-03-08 01:57:33,437 autoreload File C:\Users\lisai\AppData\Local\Programs\Python\Python312\Lib\asyncio\exceptions.py first seen with mtime 1717718052.0
DEBUG 2025-03-08 01:57:33,437 autoreload File C:\Users\lisai\AppData\Local\Programs\Python\Python312\Lib\site-packages\sqlparse\engine\__init__.py first seen with mtime 1719199144.347276
DEBUG 2025-03-08 01:57:33,437 autoreload File C:\Users\lisai\AppData\Local\Programs\Python\Python312\Lib\site-packages\django\db\backends\__init__.py first seen with mtime 1738459698.9522839
DEBUG 2025-03-08 01:57:33,437 autoreload File C:\Users\lisai\AppData\Local\Programs\Python\Python312\Lib\site-packages\django\middleware\cache.py first seen with mtime 1738459699.067349
DEBUG 2025-03-08 01:57:33,438 autoreload File C:\Users\lisai\AppData\Local\Programs\Python\Python312\Lib\email\_encoded_words.py first seen with mtime 1717718052.0
DEBUG 2025-03-08 01:57:33,438 autoreload File C:\Users\lisai\AppData\Local\Programs\Python\Python312\Lib\csv.py first seen with mtime 1717718052.0
DEBUG 2025-03-08 01:57:33,438 autoreload File C:\Users\lisai\AppData\Local\Programs\Python\Python312\Lib\site-packages\django\template\loader.py first seen with mtime 1738459699.0768254
DEBUG 2025-03-08 01:57:33,438 autoreload File C:\Users\lisai\AppData\Local\Programs\Python\Python312\Lib\site-packages\django\contrib\contenttypes\management\__init__.py first seen with mtime 1738459697.6260684
DEBUG 2025-03-08 01:57:33,438 autoreload File C:\Users\lisai\AppData\Local\Programs\Python\Python312\Lib\site-packages\sqlparse\engine\statement_splitter.py first seen with mtime 1719199144.348783
DEBUG 2025-03-08 01:57:33,439 autoreload File C:\Users\lisai\AppData\Local\Programs\Python\Python312\Lib\site-packages\django\db\models\__init__.py first seen with mtime 1738459698.9914582
DEBUG 2025-03-08 01:57:33,439 autoreload File C:\Users\lisai\AppData\Local\Programs\Python\Python312\Lib\site-packages\django\db\backends\sqlite3\features.py first seen with mtime 1738459698.9793646
DEBUG 2025-03-08 01:57:33,440 autoreload File C:\Users\lisai\AppData\Local\Programs\Python\Python312\Lib\email\_header_value_parser.py first seen with mtime 1717718052.0
DEBUG 2025-03-08 01:57:33,440 autoreload File C:\Users\lisai\AppData\Local\Programs\Python\Python312\Lib\site-packages\django\contrib\auth\admin.py first seen with mtime 1738459697.2985518
DEBUG 2025-03-08 01:57:33,440 autoreload File C:\Users\lisai\AppData\Local\Programs\Python\Python312\Lib\email\message.py first seen with mtime 1717718052.0
DEBUG 2025-03-08 01:57:33,440 autoreload File C:\Users\lisai\AppData\Local\Programs\Python\Python312\Lib\xml\parsers\expat.py first seen with mtime 1717718052.0
DEBUG 2025-03-08 01:57:33,441 autoreload File C:\Users\lisai\AppData\Local\Programs\Python\Python312\Lib\site-packages\django\templatetags\tz.py first seen with mtime 1738459699.0868745
DEBUG 2025-03-08 01:57:33,441 autoreload File C:\Users\lisai\AppData\Local\Programs\Python\Python312\Lib\site-packages\django\contrib\contenttypes\forms.py first seen with mtime 1738459697.4799073
DEBUG 2025-03-08 01:57:33,441 autoreload File C:\Users\lisai\AppData\Local\Programs\Python\Python312\Lib\site-packages\django\contrib\staticfiles\__init__.py first seen with mtime 1738459698.8843658
DEBUG 2025-03-08 01:57:33,441 autoreload File C:\Users\lisai\AppData\Local\Programs\Python\Python312\Lib\site-packages\django\db\models\sql\where.py first seen with mtime 1738459699.0128736
DEBUG 2025-03-08 01:57:33,441 autoreload File C:\Users\lisai\AppData\Local\Programs\Python\Python312\Lib\site-packages\django\template\base.py first seen with mtime 1738459699.0727894
DEBUG 2025-03-08 01:57:33,442 autoreload File C:\Users\lisai\AppData\Local\Programs\Python\Python312\Lib\sqlite3\dbapi2.py first seen with mtime 1717718052.0
DEBUG 2025-03-08 01:57:33,442 autoreload File C:\Users\lisai\AppData\Local\Programs\Python\Python312\Lib\site-packages\PIL\TiffTags.py first seen with mtime 1719199152.2685194
DEBUG 2025-03-08 01:57:33,442 autoreload File C:\Users\lisai\AppData\Local\Programs\Python\Python312\Lib\site-packages\django\db\models\functions\datetime.py first seen with mtime 1738459699.007207
DEBUG 2025-03-08 01:57:33,442 autoreload File C:\Users\lisai\AppData\Local\Programs\Python\Python312\Lib\asyncio\timeouts.py first seen with mtime 1717718052.0
DEBUG 2025-03-08 01:57:33,442 autoreload File C:\Users\lisai\AppData\Local\Programs\Python\Python312\Lib\keyword.py first seen with mtime 1717718052.0
DEBUG 2025-03-08 01:57:33,443 autoreload File C:\Users\lisai\AppData\Local\Programs\Python\Python312\Lib\concurrent\futures\_base.py first seen with mtime 1717718052.0
DEBUG 2025-03-08 01:57:33,443 autoreload File C:\Users\lisai\AppData\Local\Programs\Python\Python312\Lib\site-packages\werkzeug\routing\map.py first seen with mtime 1739926556.7054558
DEBUG 2025-03-08 01:57:33,443 autoreload File C:\Users\lisai\AppData\Local\Programs\Python\Python312\Lib\getpass.py first seen with mtime 1717718052.0
DEBUG 2025-03-08 01:57:33,443 autoreload File C:\Users\lisai\AppData\Local\Programs\Python\Python312\Lib\site-packages\django\contrib\contenttypes\checks.py first seen with mtime 1738459697.4784043
DEBUG 2025-03-08 01:57:33,443 autoreload File C:\Users\lisai\AppData\Local\Programs\Python\Python312\Lib\site-packages\django\db\backends\base\features.py first seen with mtime 1738459698.9568527
DEBUG 2025-03-08 01:57:33,444 autoreload File C:\Users\lisai\AppData\Local\Programs\Python\Python312\Lib\email\mime\__init__.py first seen with mtime 1717718052.0
DEBUG 2025-03-08 01:57:33,444 autoreload File C:\Users\lisai\AppData\Local\Programs\Python\Python312\Lib\importlib\_abc.py first seen with mtime 1717718052.0
DEBUG 2025-03-08 01:57:33,444 autoreload File C:\Users\lisai\AppData\Local\Programs\Python\Python312\Lib\site-packages\werkzeug\exceptions.py first seen with mtime 1739926556.6804478
DEBUG 2025-03-08 01:57:33,444 autoreload File C:\Users\lisai\AppData\Local\Programs\Python\Python312\Lib\site-packages\django\contrib\messages\constants.py first seen with mtime 1738459698.2544584
DEBUG 2025-03-08 01:57:33,444 autoreload File C:\Users\lisai\AppData\Local\Programs\Python\Python312\Lib\site-packages\django\core\checks\model_checks.py first seen with mtime 1738459698.909392
DEBUG 2025-03-08 01:57:33,445 autoreload File C:\Users\lisai\AppData\Local\Programs\Python\Python312\Lib\email\headerregistry.py first seen with mtime 1717718052.0
DEBUG 2025-03-08 01:57:33,445 autoreload File C:\Users\lisai\AppData\Local\Programs\Python\Python312\Lib\site-packages\werkzeug\formparser.py first seen with mtime 1739926556.680956
DEBUG 2025-03-08 01:57:33,445 autoreload File C:\Users\lisai\AppData\Local\Programs\Python\Python312\Lib\selectors.py first seen with mtime 1717718052.0
DEBUG 2025-03-08 01:57:33,445 autoreload File C:\Users\lisai\AppData\Local\Programs\Python\Python312\Lib\_weakrefset.py first seen with mtime 1717718052.0
DEBUG 2025-03-08 01:57:33,446 autoreload File C:\Users\lisai\AppData\Local\Programs\Python\Python312\Lib\site-packages\flask\sessions.py first seen with mtime 1739926557.5922968
DEBUG 2025-03-08 01:57:33,446 autoreload File C:\Users\lisai\AppData\Local\Programs\Python\Python312\Lib\site-packages\django\template\response.py first seen with mtime 1738459699.07784
DEBUG 2025-03-08 01:57:33,446 autoreload File C:\Users\lisai\AppData\Local\Programs\Python\Python312\Lib\site-packages\jinja2\environment.py first seen with mtime 1719199159.9772816
DEBUG 2025-03-08 01:57:33,446 autoreload File C:\Users\lisai\AppData\Local\Programs\Python\Python312\Lib\site-packages\sqlparse\filters\others.py first seen with mtime 1719199144.3508213
DEBUG 2025-03-08 01:57:33,447 autoreload File C:\Users\lisai\AppData\Local\Programs\Python\Python312\Lib\zoneinfo\_tzpath.py first seen with mtime 1717718052.0
DEBUG 2025-03-08 01:57:33,447 autoreload File C:\Users\lisai\AppData\Local\Programs\Python\Python312\Lib\site-packages\werkzeug\routing\rules.py first seen with mtime 1739926556.7079985
DEBUG 2025-03-08 01:57:33,447 autoreload File C:\Users\lisai\AppData\Local\Programs\Python\Python312\Lib\site-packages\flask\globals.py first seen with mtime 1739926557.5902617
DEBUG 2025-03-08 01:57:33,448 autoreload File C:\Users\lisai\AppData\Local\Programs\Python\Python312\Lib\site-packages\django\contrib\staticfiles\management\commands\__init__.py first seen with mtime 1738459698.8920226
DEBUG 2025-03-08 01:57:33,448 autoreload File C:\Users\lisai\AppData\Local\Programs\Python\Python312\Lib\site-packages\django\utils\encoding.py first seen with mtime 1738459699.1037955
DEBUG 2025-03-08 01:57:33,448 autoreload File C:\Users\lisai\AppData\Local\Programs\Python\Python312\Lib\site-packages\django\utils\__init__.py first seen with mtime 1738459699.0960565
DEBUG 2025-03-08 01:57:33,448 autoreload File C:\Users\lisai\AppData\Local\Programs\Python\Python312\Lib\site-packages\django\templatetags\i18n.py first seen with mtime 1738459699.085356
DEBUG 2025-03-08 01:57:33,449 autoreload File C:\Users\lisai\AppData\Local\Programs\Python\Python312\Lib\site-packages\django\utils\log.py first seen with mtime 1738459699.1083398
DEBUG 2025-03-08 01:57:33,449 autoreload File C:\Users\lisai\AppData\Local\Programs\Python\Python312\DLLs\_ctypes.pyd first seen with mtime 1717718102.0
DEBUG 2025-03-08 01:57:33,449 autoreload File C:\Users\lisai\AppData\Local\Programs\Python\Python312\Lib\site-packages\django\core\management\color.py first seen with mtime 1738459698.9308286
DEBUG 2025-03-08 01:57:33,450 autoreload File C:\Users\lisai\AppData\Local\Programs\Python\Python312\Lib\site-packages\sqlparse\sql.py first seen with mtime 1719199144.3462396
DEBUG 2025-03-08 01:57:33,450 autoreload File C:\Users\lisai\AppData\Local\Programs\Python\Python312\Lib\site-packages\werkzeug\security.py first seen with mtime 1739926556.683506
DEBUG 2025-03-08 01:57:33,450 autoreload File C:\Users\lisai\AppData\Local\Programs\Python\Python312\Lib\site-packages\django\contrib\sessions\models.py first seen with mtime 1738459698.5765424
DEBUG 2025-03-08 01:57:33,450 autoreload File C:\Users\lisai\AppData\Local\Programs\Python\Python312\Lib\site-packages\django\template\backends\django.py first seen with mtime 1738459699.0793433
DEBUG 2025-03-08 01:57:33,451 autoreload File C:\Users\lisai\AppData\Local\Programs\Python\Python312\Lib\site-packages\flask\sansio\blueprints.py first seen with mtime 1739926557.5983994
DEBUG 2025-03-08 01:57:33,451 autoreload File C:\Users\lisai\AppData\Local\Programs\Python\Python312\Lib\importlib\__init__.py first seen with mtime 1717718052.0
DEBUG 2025-03-08 01:57:33,451 autoreload File C:\Users\lisai\AppData\Local\Programs\Python\Python312\Lib\textwrap.py first seen with mtime 1717718052.0
DEBUG 2025-03-08 01:57:33,451 autoreload File C:\Users\lisai\AppData\Local\Programs\Python\Python312\Lib\site-packages\werkzeug\routing\converters.py first seen with mtime 1739926556.7044387
DEBUG 2025-03-08 01:57:33,452 autoreload File C:\Users\lisai\AppData\Local\Programs\Python\Python312\Lib\concurrent\futures\thread.py first seen with mtime 1717718052.0
DEBUG 2025-03-08 01:57:33,452 autoreload File C:\Users\lisai\AppData\Local\Programs\Python\Python312\Lib\logging\__init__.py first seen with mtime 1717718052.0
DEBUG 2025-03-08 01:57:33,452 autoreload File C:\Users\lisai\AppData\Local\Programs\Python\Python312\Lib\site-packages\django\contrib\admin\templatetags\base.py first seen with mtime 1738459697.010253
DEBUG 2025-03-08 01:57:33,452 autoreload File C:\Users\lisai\AppData\Local\Programs\Python\Python312\Lib\zipfile\__init__.py first seen with mtime 1717718052.0
DEBUG 2025-03-08 01:57:33,453 autoreload File C:\Users\lisai\AppData\Local\Programs\Python\Python312\Lib\pickle.py first seen with mtime 1717718052.0
DEBUG 2025-03-08 01:57:33,453 autoreload File C:\Users\lisai\AppData\Local\Programs\Python\Python312\Lib\site-packages\django\utils\functional.py first seen with mtime 1738459699.1053154
DEBUG 2025-03-08 01:57:33,453 autoreload File C:\Users\lisai\AppData\Local\Programs\Python\Python312\Lib\site-packages\django\core\exceptions.py first seen with mtime 1738459698.8976204
DEBUG 2025-03-08 01:57:33,453 autoreload File C:\Users\lisai\AppData\Local\Programs\Python\Python312\Lib\site-packages\django\core\mail\__init__.py first seen with mtime 1738459698.92526
DEBUG 2025-03-08 01:57:33,454 autoreload File C:\Users\lisai\AppData\Local\Programs\Python\Python312\Lib\site-packages\django\utils\timezone.py first seen with mtime 1738459699.1125767
DEBUG 2025-03-08 01:57:33,454 autoreload File C:\Users\lisai\AppData\Local\Programs\Python\Python312\Lib\site-packages\django\core\management\base.py first seen with mtime 1738459698.9308286
DEBUG 2025-03-08 01:57:33,454 autoreload File C:\Users\lisai\AppData\Local\Programs\Python\Python312\Lib\site-packages\jinja2\visitor.py first seen with mtime 1719199159.989409
DEBUG 2025-03-08 01:57:33,454 autoreload File C:\Users\lisai\AppData\Local\Programs\Python\Python312\Lib\site-packages\flask\typing.py first seen with mtime 1739926557.5938206
DEBUG 2025-03-08 01:57:33,454 autoreload File C:\Users\lisai\AppData\Local\Programs\Python\Python312\Lib\site-packages\django\template\loaders\cached.py first seen with mtime 1738459699.0827477
DEBUG 2025-03-08 01:57:33,455 autoreload File C:\Users\lisai\AppData\Local\Programs\Python\Python312\Lib\site-packages\django\forms\boundfield.py first seen with mtime 1738459699.015914
DEBUG 2025-03-08 01:57:33,455 autoreload File C:\Users\lisai\AppData\Local\Programs\Python\Python312\Lib\site-packages\sqlparse\utils.py first seen with mtime 1719199144.347276
DEBUG 2025-03-08 01:57:33,455 autoreload File C:\Users\lisai\AppData\Local\Programs\Python\Python312\Lib\importlib\abc.py first seen with mtime 1717718052.0
DEBUG 2025-03-08 01:57:33,455 autoreload File C:\Users\lisai\AppData\Local\Programs\Python\Python312\Lib\site-packages\django\core\handlers\wsgi.py first seen with mtime 1738459698.9247513
DEBUG 2025-03-08 01:57:33,455 autoreload File C:\Users\lisai\AppData\Local\Programs\Python\Python312\Lib\site-packages\jinja2\exceptions.py first seen with mtime 1719199159.9787853
DEBUG 2025-03-08 01:57:33,456 autoreload File C:\Users\lisai\AppData\Local\Programs\Python\Python312\Lib\email\mime\nonmultipart.py first seen with mtime 1717718052.0
DEBUG 2025-03-08 01:57:33,456 autoreload File C:\Users\lisai\AppData\Local\Programs\Python\Python312\Lib\site-packages\werkzeug\datastructures\mixins.py first seen with mtime 1739926556.6921904
DEBUG 2025-03-08 01:57:33,456 autoreload File C:\Users\lisai\AppData\Local\Programs\Python\Python312\Lib\importlib\resources\_legacy.py first seen with mtime 1717718052.0
DEBUG 2025-03-08 01:57:33,456 autoreload File C:\Users\lisai\AppData\Local\Programs\Python\Python312\Lib\xml\parsers\__init__.py first seen with mtime 1717718052.0
DEBUG 2025-03-08 01:57:33,456 autoreload File C:\Users\lisai\AppData\Local\Programs\Python\Python312\Lib\site-packages\django\core\checks\__init__.py first seen with mtime 1738459698.9068568
DEBUG 2025-03-08 01:57:33,456 autoreload File C:\Users\lisai\AppData\Local\Programs\Python\Python312\Lib\site-packages\jinja2\parser.py first seen with mtime 1719199159.98586
DEBUG 2025-03-08 01:57:33,457 autoreload File C:\Users\lisai\AppData\Local\Programs\Python\Python312\DLLs\unicodedata.pyd first seen with mtime 1717718102.0
DEBUG 2025-03-08 01:57:33,457 autoreload File C:\Users\lisai\AppData\Local\Programs\Python\Python312\Lib\site-packages\werkzeug\urls.py first seen with mtime 1739926556.6861
DEBUG 2025-03-08 01:57:33,457 autoreload File C:\Users\lisai\AppData\Local\Programs\Python\Python312\Lib\site-packages\PIL\_binary.py first seen with mtime 1719199152.2740672
DEBUG 2025-03-08 01:57:33,457 autoreload File C:\Users\lisai\AppData\Local\Programs\Python\Python312\Lib\site-packages\django\contrib\contenttypes\views.py first seen with mtime 1738459697.4814093
DEBUG 2025-03-08 01:57:33,457 autoreload File C:\Users\lisai\AppData\Local\Programs\Python\Python312\Lib\contextlib.py first seen with mtime 1717718052.0
DEBUG 2025-03-08 01:57:33,458 autoreload File C:\Users\lisai\AppData\Local\Programs\Python\Python312\Lib\traceback.py first seen with mtime 1717718052.0
DEBUG 2025-03-08 01:57:33,458 autoreload File C:\Users\lisai\AppData\Local\Programs\Python\Python312\Lib\site-packages\asgiref\current_thread_executor.py first seen with mtime 1738459694.3862352
DEBUG 2025-03-08 01:57:33,458 autoreload File C:\Users\lisai\AppData\Local\Programs\Python\Python312\Lib\email\mime\text.py first seen with mtime 1717718052.0
DEBUG 2025-03-08 01:57:33,458 autoreload File C:\Users\lisai\AppData\Local\Programs\Python\Python312\Lib\site-packages\sqlparse\lexer.py first seen with mtime 1719199144.34473
DEBUG 2025-03-08 01:57:33,458 autoreload File C:\Users\lisai\AppData\Local\Programs\Python\Python312\Lib\site-packages\django\db\models\aggregates.py first seen with mtime 1738459698.9914582
DEBUG 2025-03-08 01:57:33,459 autoreload File C:\Users\lisai\AppData\Local\Programs\Python\Python312\Lib\site-packages\django\db\models\fields\mixins.py first seen with mtime 1738459699.0016432
DEBUG 2025-03-08 01:57:33,459 autoreload File C:\Users\lisai\AppData\Local\Programs\Python\Python312\Lib\base64.py first seen with mtime 1717718052.0
DEBUG 2025-03-08 01:57:33,459 autoreload File C:\Users\lisai\AppData\Local\Programs\Python\Python312\Lib\email\mime\message.py first seen with mtime 1717718052.0
DEBUG 2025-03-08 01:57:33,459 autoreload File C:\Users\lisai\AppData\Local\Programs\Python\Python312\Lib\site-packages\sqlparse\formatter.py first seen with mtime 1719199144.3426428
DEBUG 2025-03-08 01:57:33,459 autoreload File C:\Users\lisai\AppData\Local\Programs\Python\Python312\Lib\site-packages\admin_interface\settings.py first seen with mtime 1732853016.304221
DEBUG 2025-03-08 01:57:33,460 autoreload File C:\Users\lisai\AppData\Local\Programs\Python\Python312\Lib\site-packages\django\contrib\auth\models.py first seen with mtime 1738459697.304917
DEBUG 2025-03-08 01:57:33,460 autoreload File C:\Users\lisai\AppData\Local\Programs\Python\Python312\Lib\urllib\parse.py first seen with mtime 1717718052.0
DEBUG 2025-03-08 01:57:33,461 autoreload File C:\Users\lisai\AppData\Local\Programs\Python\Python312\Lib\site-packages\django\contrib\admin\templatetags\admin_list.py first seen with mtime 1738459697.007728
DEBUG 2025-03-08 01:57:33,461 autoreload File C:\Users\lisai\AppData\Local\Programs\Python\Python312\Lib\site-packages\sqlparse\__init__.py first seen with mtime 1719199144.3395865
DEBUG 2025-03-08 01:57:33,461 autoreload File C:\Users\lisai\AppData\Local\Programs\Python\Python312\Lib\importlib\metadata\__init__.py first seen with mtime 1717718052.0
DEBUG 2025-03-08 01:57:33,461 autoreload File C:\Users\lisai\AppData\Local\Programs\Python\Python312\Lib\site-packages\admin_interface\admin.py first seen with mtime 1732853016.3021803
DEBUG 2025-03-08 01:57:33,462 autoreload File C:\Users\lisai\AppData\Local\Programs\Python\Python312\Lib\site-packages\django\utils\choices.py first seen with mtime 1738459699.0991025
DEBUG 2025-03-08 01:57:33,462 autoreload File C:\Users\lisai\AppData\Local\Programs\Python\Python312\Lib\email\errors.py first seen with mtime 1717718052.0
DEBUG 2025-03-08 01:57:33,462 autoreload File C:\Users\lisai\AppData\Local\Programs\Python\Python312\Lib\site-packages\django\contrib\admin\widgets.py first seen with mtime 1738459696.6585402
DEBUG 2025-03-08 01:57:33,462 autoreload File C:\Users\lisai\AppData\Local\Programs\Python\Python312\Lib\signal.py first seen with mtime 1717718052.0
DEBUG 2025-03-08 01:57:33,462 autoreload File C:\Users\lisai\AppData\Local\Programs\Python\Python312\Lib\site-packages\cffi\api.py first seen with mtime 1719199174.109783
DEBUG 2025-03-08 01:57:33,463 autoreload File C:\Users\lisai\AppData\Local\Programs\Python\Python312\Lib\site-packages\django\core\files\storage\filesystem.py first seen with mtime 1738459698.920603
DEBUG 2025-03-08 01:57:33,463 autoreload File C:\Users\lisai\AppData\Local\Programs\Python\Python312\Lib\site-packages\django\db\backends\base\validation.py first seen with mtime 1738459698.958859
DEBUG 2025-03-08 01:57:33,463 autoreload File C:\Users\lisai\AppData\Local\Programs\Python\Python312\Lib\site-packages\django\template\loaders\app_directories.py first seen with mtime 1738459699.0817378
DEBUG 2025-03-08 01:57:33,463 autoreload File C:\Users\lisai\AppData\Local\Programs\Python\Python312\Lib\site-packages\django\http\response.py first seen with mtime 1738459699.0663497
DEBUG 2025-03-08 01:57:33,463 autoreload File C:\Users\lisai\AppData\Local\Programs\Python\Python312\Lib\site-packages\django\utils\termcolors.py first seen with mtime 1738459699.110903
DEBUG 2025-03-08 01:57:33,464 autoreload File C:\Users\lisai\AppData\Local\Programs\Python\Python312\Lib\multiprocessing\reduction.py first seen with mtime 1717718052.0
DEBUG 2025-03-08 01:57:33,464 autoreload File C:\Users\lisai\OneDrive\Escritorio\Dev\Medidor Inteligente\medidor\app\admin.py first seen with mtime 1740631310.801252
DEBUG 2025-03-08 01:57:33,464 autoreload File C:\Users\lisai\AppData\Local\Programs\Python\Python312\Lib\site-packages\slugify\slugify.py first seen with mtime 1719199147.61734
DEBUG 2025-03-08 01:57:33,464 autoreload File C:\Users\lisai\AppData\Local\Programs\Python\Python312\Lib\platform.py first seen with mtime 1717718052.0
DEBUG 2025-03-08 01:57:33,464 autoreload File C:\Users\lisai\AppData\Local\Programs\Python\Python312\Lib\site-packages\werkzeug\datastructures\structures.py first seen with mtime 1739926556.6932073
DEBUG 2025-03-08 01:57:33,464 autoreload File C:\Users\lisai\AppData\Local\Programs\Python\Python312\Lib\site-packages\django\contrib\auth\decorators.py first seen with mtime 1738459697.3021877
DEBUG 2025-03-08 01:57:33,465 autoreload File C:\Users\lisai\AppData\Local\Programs\Python\Python312\Lib\site-packages\flask\app.py first seen with mtime 1739926557.5867028
DEBUG 2025-03-08 01:57:33,465 autoreload File C:\Users\lisai\AppData\Local\Programs\Python\Python312\Lib\site-packages\jinja2\nodes.py first seen with mtime 1719199159.9838502
DEBUG 2025-03-08 01:57:33,465 autoreload File C:\Users\lisai\AppData\Local\Programs\Python\Python312\Lib\site-packages\flask\json\__init__.py first seen with mtime 1739926557.5953493
DEBUG 2025-03-08 01:57:33,465 autoreload File C:\Users\lisai\AppData\Local\Programs\Python\Python312\Lib\importlib\metadata\_functools.py first seen with mtime 1717718052.0
DEBUG 2025-03-08 01:57:33,465 autoreload File C:\Users\lisai\AppData\Local\Programs\Python\Python312\Lib\site-packages\django\template\backends\base.py first seen with mtime 1738459699.0793433
DEBUG 2025-03-08 01:57:33,466 autoreload File C:\Users\lisai\AppData\Local\Programs\Python\Python312\Lib\site-packages\colorfield\widgets.py first seen with mtime 1719196314.1398132
DEBUG 2025-03-08 01:57:33,466 autoreload File C:\Users\lisai\AppData\Local\Programs\Python\Python312\Lib\site-packages\django\core\files\uploadhandler.py first seen with mtime 1738459698.9185936
DEBUG 2025-03-08 01:57:33,466 autoreload File C:\Users\lisai\AppData\Local\Programs\Python\Python312\Lib\site-packages\click\utils.py first seen with mtime 1719199173.8384836
DEBUG 2025-03-08 01:57:33,466 autoreload File C:\Users\lisai\AppData\Local\Programs\Python\Python312\Lib\site-packages\django\http\cookie.py first seen with mtime 1738459699.064339
DEBUG 2025-03-08 01:57:33,466 autoreload File C:\Users\lisai\AppData\Local\Programs\Python\Python312\Lib\site-packages\PIL\_typing.py first seen with mtime 1719199152.3077052
DEBUG 2025-03-08 01:57:33,467 autoreload File C:\Users\lisai\AppData\Local\Programs\Python\Python312\Lib\site-packages\django\contrib\admin\filters.py first seen with mtime 1738459696.6540327
DEBUG 2025-03-08 01:57:33,467 autoreload File C:\Users\lisai\AppData\Local\Programs\Python\Python312\Lib\site-packages\sqlparse\keywords.py first seen with mtime 1719199144.34473
DEBUG 2025-03-08 01:57:33,467 autoreload File C:\Users\lisai\AppData\Local\Programs\Python\Python312\Lib\site-packages\django\core\handlers\exception.py first seen with mtime 1738459698.9242437
DEBUG 2025-03-08 01:57:33,467 autoreload File C:\Users\lisai\AppData\Local\Programs\Python\Python312\Lib\site-packages\admin_interface\models.py first seen with mtime 1732853016.3037086
DEBUG 2025-03-08 01:57:33,468 autoreload File C:\Users\lisai\AppData\Local\Programs\Python\Python312\Lib\site-packages\colorama\winterm.py first seen with mtime 1719199155.0818164
DEBUG 2025-03-08 01:57:33,468 autoreload File C:\Users\lisai\AppData\Local\Programs\Python\Python312\Lib\site-packages\django\views\defaults.py first seen with mtime 1738459699.1197226
DEBUG 2025-03-08 01:57:33,468 autoreload File C:\Users\lisai\AppData\Local\Programs\Python\Python312\Lib\site-packages\flask\config.py first seen with mtime 1739926557.5887344
DEBUG 2025-03-08 01:57:33,468 autoreload File C:\Users\lisai\AppData\Local\Programs\Python\Python312\Lib\site-packages\defusedxml\ElementTree.py first seen with mtime 1719199154.9689457
DEBUG 2025-03-08 01:57:33,468 autoreload File C:\Users\lisai\AppData\Local\Programs\Python\Python312\Lib\numbers.py first seen with mtime 1717718052.0
DEBUG 2025-03-08 01:57:33,468 autoreload File C:\Users\lisai\AppData\Local\Programs\Python\Python312\Lib\pathlib.py first seen with mtime 1717718052.0
DEBUG 2025-03-08 01:57:33,469 autoreload File C:\Users\lisai\AppData\Local\Programs\Python\Python312\Lib\site-packages\asgiref\local.py first seen with mtime 1738459694.3872485
DEBUG 2025-03-08 01:57:33,469 autoreload File C:\Users\lisai\AppData\Local\Programs\Python\Python312\Lib\site-packages\django\contrib\admin\decorators.py first seen with mtime 1738459696.6535296
DEBUG 2025-03-08 01:57:33,469 autoreload File C:\Users\lisai\AppData\Local\Programs\Python\Python312\Lib\site-packages\flask\sansio\scaffold.py first seen with mtime 1739926557.5989094
DEBUG 2025-03-08 01:57:33,469 autoreload File C:\Users\lisai\AppData\Local\Programs\Python\Python312\Lib\site-packages\django\core\checks\security\base.py first seen with mtime 1738459698.9140148
DEBUG 2025-03-08 01:57:33,470 autoreload File C:\Users\lisai\AppData\Local\Programs\Python\Python312\Lib\importlib\resources\_adapters.py first seen with mtime 1717718052.0
DEBUG 2025-03-08 01:57:33,470 autoreload File C:\Users\lisai\AppData\Local\Programs\Python\Python312\Lib\site-packages\slugify\__version__.py first seen with mtime 1719199147.6162727
DEBUG 2025-03-08 01:57:33,470 autoreload File C:\Users\lisai\AppData\Local\Programs\Python\Python312\Lib\site-packages\django\contrib\sites\shortcuts.py first seen with mtime 1738459698.7418242
DEBUG 2025-03-08 01:57:33,470 autoreload File C:\Users\lisai\AppData\Local\Programs\Python\Python312\Lib\site-packages\flask\logging.py first seen with mtime 1739926557.5912793
DEBUG 2025-03-08 01:57:33,470 autoreload File C:\Users\lisai\AppData\Local\Programs\Python\Python312\Lib\site-packages\django\utils\dateformat.py first seen with mtime 1738459699.1011724
DEBUG 2025-03-08 01:57:33,471 autoreload File C:\Users\lisai\AppData\Local\Programs\Python\Python312\Lib\site-packages\admin_interface\templatetags\admin_interface_tags.py first seen with mtime 1732853016.3911052
DEBUG 2025-03-08 01:57:33,471 autoreload File C:\Users\lisai\AppData\Local\Programs\Python\Python312\Lib\site-packages\django\contrib\staticfiles\checks.py first seen with mtime 1738459698.8873541
DEBUG 2025-03-08 01:57:33,471 autoreload File C:\Users\lisai\OneDrive\Escritorio\Dev\Medidor Inteligente\medidor\app\apps.py first seen with mtime 1739926521.9341586
DEBUG 2025-03-08 01:57:33,471 autoreload File C:\Users\lisai\AppData\Local\Programs\Python\Python312\Lib\multiprocessing\context.py first seen with mtime 1717718052.0
DEBUG 2025-03-08 01:57:33,471 autoreload File C:\Users\lisai\AppData\Local\Programs\Python\Python312\Lib\site-packages\django\apps\__init__.py first seen with mtime 1738459696.4009142
DEBUG 2025-03-08 01:57:33,472 autoreload File C:\Users\lisai\AppData\Local\Programs\Python\Python312\Lib\site-packages\django\conf\global_settings.py first seen with mtime 1738459696.4030988
DEBUG 2025-03-08 01:57:33,472 autoreload File C:\Users\lisai\AppData\Local\Programs\Python\Python312\Lib\site-packages\django\db\migrations\operations\base.py first seen with mtime 1738459698.9890192
DEBUG 2025-03-08 01:57:33,472 autoreload File C:\Users\lisai\AppData\Local\Programs\Python\Python312\Lib\contextvars.py first seen with mtime 1717718052.0
DEBUG 2025-03-08 01:57:33,472 autoreload File C:\Users\lisai\AppData\Local\Programs\Python\Python312\Lib\site-packages\django\middleware\csrf.py first seen with mtime 1738459699.0688517
DEBUG 2025-03-08 01:57:33,472 autoreload File C:\Users\lisai\AppData\Local\Programs\Python\Python312\Lib\site-packages\django\db\backends\sqlite3\_functions.py first seen with mtime 1738459698.9773164
DEBUG 2025-03-08 01:57:33,473 autoreload File C:\Users\lisai\AppData\Local\Programs\Python\Python312\Lib\site-packages\admin_interface\templates\admin first seen with mtime 1732853016.3854754
DEBUG 2025-03-08 01:57:33,473 autoreload File C:\Users\lisai\AppData\Local\Programs\Python\Python312\Lib\site-packages\admin_interface\templates\admin_interface first seen with mtime 1732853016.390084
DEBUG 2025-03-08 01:57:33,473 autoreload File C:\Users\lisai\AppData\Local\Programs\Python\Python312\Lib\site-packages\admin_interface\templates\admin\base_site.html first seen with mtime 1732853016.3808277
DEBUG 2025-03-08 01:57:33,474 autoreload File C:\Users\lisai\AppData\Local\Programs\Python\Python312\Lib\site-packages\admin_interface\templates\admin\change_form.html first seen with mtime 1732853016.381379
DEBUG 2025-03-08 01:57:33,474 autoreload File C:\Users\lisai\AppData\Local\Programs\Python\Python312\Lib\site-packages\admin_interface\templates\admin\change_list.html first seen with mtime 1732853016.3823998
DEBUG 2025-03-08 01:57:33,474 autoreload File C:\Users\lisai\AppData\Local\Programs\Python\Python312\Lib\site-packages\admin_interface\templates\admin\edit_inline first seen with mtime 1732853016.3849626
DEBUG 2025-03-08 01:57:33,474 autoreload File C:\Users\lisai\AppData\Local\Programs\Python\Python312\Lib\site-packages\admin_interface\templates\admin\filter.html first seen with mtime 1732853016.3823998
DEBUG 2025-03-08 01:57:33,475 autoreload File C:\Users\lisai\AppData\Local\Programs\Python\Python312\Lib\site-packages\admin_interface\templates\admin\includes first seen with mtime 1732853016.3854754
DEBUG 2025-03-08 01:57:33,475 autoreload File C:\Users\lisai\AppData\Local\Programs\Python\Python312\Lib\site-packages\admin_interface\templates\admin\popup_response.html first seen with mtime 1732853016.3829148
DEBUG 2025-03-08 01:57:33,475 autoreload File C:\Users\lisai\AppData\Local\Programs\Python\Python312\Lib\site-packages\admin_interface\templates\admin_interface\collapsible-inlines.html first seen with mtime 1732853016.386498
DEBUG 2025-03-08 01:57:33,475 autoreload File C:\Users\lisai\AppData\Local\Programs\Python\Python312\Lib\site-packages\admin_interface\templates\admin_interface\date_hierarchy_removal_link.html first seen with mtime 1732853016.3875282
DEBUG 2025-03-08 01:57:33,476 autoreload File C:\Users\lisai\AppData\Local\Programs\Python\Python312\Lib\site-packages\admin_interface\templates\admin_interface\dropdown_filter.html first seen with mtime 1732853016.3875282
DEBUG 2025-03-08 01:57:33,476 autoreload File C:\Users\lisai\AppData\Local\Programs\Python\Python312\Lib\site-packages\admin_interface\templates\admin_interface\favicon.html first seen with mtime 1732853016.3880422
DEBUG 2025-03-08 01:57:33,476 autoreload File C:\Users\lisai\AppData\Local\Programs\Python\Python312\Lib\site-packages\admin_interface\templates\admin_interface\foldable-apps.html first seen with mtime 1732853016.3885553
DEBUG 2025-03-08 01:57:33,476 autoreload File C:\Users\lisai\AppData\Local\Programs\Python\Python312\Lib\site-packages\admin_interface\templates\admin_interface\language_chooser.html first seen with mtime 1732853016.389068
DEBUG 2025-03-08 01:57:33,477 autoreload File C:\Users\lisai\AppData\Local\Programs\Python\Python312\Lib\site-packages\admin_interface\templates\admin_interface\list_filter_removal_link.html first seen with mtime 1732853016.3895764
DEBUG 2025-03-08 01:57:33,477 autoreload File C:\Users\lisai\AppData\Local\Programs\Python\Python312\Lib\site-packages\admin_interface\templates\admin_interface\related-modal.html first seen with mtime 1732853016.390084
DEBUG 2025-03-08 01:57:33,477 autoreload File C:\Users\lisai\AppData\Local\Programs\Python\Python312\Lib\site-packages\admin_interface\templates\admin\edit_inline\headerless_stacked.html first seen with mtime 1732853016.3839352
DEBUG 2025-03-08 01:57:33,477 autoreload File C:\Users\lisai\AppData\Local\Programs\Python\Python312\Lib\site-packages\admin_interface\templates\admin\edit_inline\headerless_tabular.html first seen with mtime 1732853016.3849626
DEBUG 2025-03-08 01:57:33,478 autoreload File C:\Users\lisai\AppData\Local\Programs\Python\Python312\Lib\site-packages\admin_interface\templates\admin\includes\headerless_fieldset.html first seen with mtime 1732853016.3854754
DEBUG 2025-03-08 01:57:33,478 autoreload File C:\Users\lisai\AppData\Local\Programs\Python\Python312\Lib\site-packages\colorfield\templates\colorfield first seen with mtime 1719196314.1454248
DEBUG 2025-03-08 01:57:33,479 autoreload File C:\Users\lisai\AppData\Local\Programs\Python\Python312\Lib\site-packages\colorfield\templates\colorfield\color.html first seen with mtime 1719196314.1454248
DEBUG 2025-03-08 01:57:33,480 autoreload File C:\Users\lisai\OneDrive\Escritorio\Dev\Medidor Inteligente\medidor\app\templates\app first seen with mtime 1740669900.64673
DEBUG 2025-03-08 01:57:33,481 autoreload File C:\Users\lisai\OneDrive\Escritorio\Dev\Medidor Inteligente\medidor\app\templates\app\apr.html first seen with mtime 1741308664.6783688
DEBUG 2025-03-08 01:57:33,481 autoreload File C:\Users\lisai\OneDrive\Escritorio\Dev\Medidor Inteligente\medidor\app\templates\app\base.html first seen with mtime 1740629542.6626832
DEBUG 2025-03-08 01:57:33,482 autoreload File C:\Users\lisai\OneDrive\Escritorio\Dev\Medidor Inteligente\medidor\app\templates\app\clientes.html first seen with mtime 1740665255.1991384
DEBUG 2025-03-08 01:57:33,482 autoreload File C:\Users\lisai\OneDrive\Escritorio\Dev\Medidor Inteligente\medidor\app\templates\app\contacto.html first seen with mtime 1740665255.1996543
DEBUG 2025-03-08 01:57:33,482 autoreload File C:\Users\lisai\OneDrive\Escritorio\Dev\Medidor Inteligente\medidor\app\templates\app\e404.html first seen with mtime 1739410889.0402696
DEBUG 2025-03-08 01:57:33,483 autoreload File C:\Users\lisai\OneDrive\Escritorio\Dev\Medidor Inteligente\medidor\app\templates\app\home.html first seen with mtime 1741407058.0923338
DEBUG 2025-03-08 01:57:33,483 autoreload File C:\Users\lisai\OneDrive\Escritorio\Dev\Medidor Inteligente\medidor\app\templates\app\nosotros.html first seen with mtime 1740665255.201205
DEBUG 2025-03-08 01:57:33,483 autoreload File C:\Users\lisai\OneDrive\Escritorio\Dev\Medidor Inteligente\medidor\app\templates\app\prueba.html first seen with mtime 1740697977.2736895
DEBUG 2025-03-08 01:57:33,484 autoreload File C:\Users\lisai\OneDrive\Escritorio\Dev\Medidor Inteligente\medidor\app\templates\app\recursos.html first seen with mtime 1741317308.0433369
DEBUG 2025-03-08 01:57:33,484 autoreload File C:\Users\lisai\OneDrive\Escritorio\Dev\Medidor Inteligente\medidor\app\templates\app\soluciones.html first seen with mtime 1741307736.219774
DEBUG 2025-03-08 01:57:33,486 autoreload File C:\Users\lisai\AppData\Local\Programs\Python\Python312\Lib\site-packages\admin_interface\locale\de\LC_MESSAGES\django.mo first seen with mtime 1732853016.3083458
DEBUG 2025-03-08 01:57:33,486 autoreload File C:\Users\lisai\AppData\Local\Programs\Python\Python312\Lib\site-packages\admin_interface\locale\es\LC_MESSAGES\django.mo first seen with mtime 1732853016.3103838
DEBUG 2025-03-08 01:57:33,487 autoreload File C:\Users\lisai\AppData\Local\Programs\Python\Python312\Lib\site-packages\admin_interface\locale\fa\LC_MESSAGES\django.mo first seen with mtime 1732853016.312423
DEBUG 2025-03-08 01:57:33,488 autoreload File C:\Users\lisai\AppData\Local\Programs\Python\Python312\Lib\site-packages\admin_interface\locale\fr\LC_MESSAGES\django.mo first seen with mtime 1732853016.3139484
DEBUG 2025-03-08 01:57:33,489 autoreload File C:\Users\lisai\AppData\Local\Programs\Python\Python312\Lib\site-packages\admin_interface\locale\it\LC_MESSAGES\django.mo first seen with mtime 1732853016.3159964
DEBUG 2025-03-08 01:57:33,489 autoreload File C:\Users\lisai\AppData\Local\Programs\Python\Python312\Lib\site-packages\admin_interface\locale\pl\LC_MESSAGES\django.mo first seen with mtime 1732853016.3175328
DEBUG 2025-03-08 01:57:33,490 autoreload File C:\Users\lisai\AppData\Local\Programs\Python\Python312\Lib\site-packages\admin_interface\locale\pt_BR\LC_MESSAGES\django.mo first seen with mtime 1732853016.3190553
DEBUG 2025-03-08 01:57:33,490 autoreload File C:\Users\lisai\AppData\Local\Programs\Python\Python312\Lib\site-packages\admin_interface\locale\ru\LC_MESSAGES\django.mo first seen with mtime 1732853016.3206153
DEBUG 2025-03-08 01:57:33,491 autoreload File C:\Users\lisai\AppData\Local\Programs\Python\Python312\Lib\site-packages\admin_interface\locale\tr\LC_MESSAGES\django.mo first seen with mtime 1732853016.3221369
DEBUG 2025-03-08 01:57:33,492 autoreload File C:\Users\lisai\AppData\Local\Programs\Python\Python312\Lib\site-packages\colorfield\locale\en\LC_MESSAGES\django.mo first seen with mtime 1719196314.1408312
DEBUG 2025-03-08 01:57:33,492 autoreload File C:\Users\lisai\AppData\Local\Programs\Python\Python312\Lib\site-packages\colorfield\locale\it\LC_MESSAGES\django.mo first seen with mtime 1719196314.1413622
DEBUG 2025-03-08 01:58:40,632 autoreload File C:\Users\lisai\OneDrive\Escritorio\Dev\Medidor Inteligente\medidor\medidor\settings.py previous mtime: 1741409841.6906042, current mtime: 1741409919.6957939
DEBUG 2025-03-08 01:58:40,633 autoreload C:\Users\lisai\OneDrive\Escritorio\Dev\Medidor Inteligente\medidor\medidor\settings.py notified as changed. Signal results: [(<function template_changed at 0x000001DBA7C40AE0>, None), (<function translation_file_changed at 0x000001DBA91D89A0>, None)].
INFO 2025-03-08 01:58:40,633 autoreload C:\Users\lisai\OneDrive\Escritorio\Dev\Medidor Inteligente\medidor\medidor\settings.py changed, reloading.
